id1,id2,sim,text1,text2
993123,821903,0.08512565,"Läkkä myö Läkköläh,","posso mulle kylkensä anto,"
1318841,828290,0.096225046,"Räntänä räpäjämähän,",Kierosilmä keksinöö
1288988,1366601,0.9211325,"Nuku, nuku, nurmilintu,","Nuku niiku nurmilintu,"
1220678,559224,0.32025632,"Puut punaiset, moat siniset,","tyttäret tinoissa vöissä,"
827982,662136,0.27216554,20 Kaheksan kaupungin lävite.,"10 Tuohen [!] tuimahan tulehen,"
481313,716403,0.24494897,"Lepikko miun tielle vei,","Miä juoksin aijan päälle,"
982848,476637,0.20064309,"Tehnyt miu saunan tervaksist,",10 Turun tielle tupamökkis
593362,1114954,0.52223295,"Mehtä mulle sauvan anto,","20 Ämmä miulle kaakun anto,"
482401,1090014,0.2508726,"Minä marjat suutarille,",Kusta suanemma sanoja?
1238570,1002812,0.06855911,väsy väsy västäräkki.,"Ilma kirjasta iloinen,"
1040996,662704,0.43301266,"10 Minä lensin lehtoon,",Saavuin lahen lahkehelle#2
959080,939151,0.15474612,"Kysy: ""Mitä itket neitty nuari?"" -",10 minä liikket koiral annoin
1366458,117975,1.0000001,"Nuku, nuku, nurmilintu,","Nuku, nuku, nurmilintu,"
1318944,210576,0.31672302,"[Kallio] kaheksi lensi,","Ken kattien katsonuo,"
160241,122825,0.6000001,Valehin valvattanut:,"Valvattu vajojen päitä,"
1287868,816482,0.7890763,"Nuku, nuku, kun minä nukutan,","Nuku, nuku, nurmilintu,"
1348284,1366524,1.0000001,"Nuku, nuku, nurmilintu,","Nuku, nuku, nurmilintu,"
97846,556136,0.35,"Appi aisalla tavoitti,","Hyvän toisesi keralla,"
1124107,1059479,0.7590722,"15 Akka mulle kakon leipoi,","Muoripa mulle kakun leipo,"
1195573,828126,0.2085144,Näkimensä näppeävi.,Venäläinen verikoira
593544,1298558,0.4089304,"Mie kyle koira suuhu,","Mie jyvät possun suuhun,"
662052,662831,0.66683125,"Minä leivän kokoille,","Minä kylen koiralle,"
661940,992699,0.76244354,Kotka mulle siipees anto,"Ja kotka mulle siivet anto,"
992690,662751,0.77671236,"Minä kakkaran kala miehellen,",Minä kakun kalamiähelle.
960110,1366602,0.14855628,"Väsy, vähä västäräkki!",i̯a vihral_lehre viherGäi̯se
1059286,1299258,0.6919391,"tyttären taputtelemasta,",tyttären kyrsää vanuttamasta.
593557,1319116,0.25537694,"10 Nuohon mie noialta silmät,","Mie kapusin aijan piäl,"
1089479,1087790,0.09491579,"Väsy väsy, västäräkki,",Minä jyvät possun suuhun;
958936,663096,0.23570225,"Minä i̯üvät sii̯allen,",viel takasinkin tullaksen.
788791,959560,0.28000003,"25 hevose kirjottava pöörän pääs,",Minkä pyörä pyörähtääpi.
1108373,1313716,0.08164965,"25 Tuoho huonoo houvii,","15 Minä puukoon suutarille,"
822532,959559,0.09759,"olkituppo eres,","30 Emä[n]tä#2 leipo mullen kakaraisen,[!]"
1003927,488107,0.6000001,Mil pääsin meren ylihen,Ja meren yli menemään.
1041096,662206,0.31819806,"20 Kiven silmän luajuinen,",Mikä sen kylän alitte juoksee?
1041098,556091,0.50251895,"Kuin käsen kälyn hyvästi,",5 Mikä sen joen keskustalla?
1059199,819466,0.281788,"60 Paha liinan aivinainen,","35 lukkarin lusikan täyren,"
1299148,661998,0.9475144,"Lehto mulle sauvan anto,","5 Lehto miulle sauvan anto,"
928324,816465,0.07749843,"Väsy, väsy, västäräkki,","Emännälle verka-körtin,"
959737,1059009,0.8882349,"Minä hyppäsin aidan päälle,",Minä pääsin airan päälle
98436,488092,0.28090033,"Aita kaatu miu allai,","Kupehilla kuuttomilla,"
1374647,822309,0.30588767,"Mie kakkaran kalamiehelle,",25 Ja kiekahutti sarvee. 
1366851,387652,0.4490731,"15 Mie pääsin päistärelle,","Tee pesäsi pellolle,"
1125338,992449,0.6445034,Minä kakun kalamiähel.,Minä kapsin kankahalle#1.
120078,993136,0.55950284,Minä hyppäsin lepikkoon,"Mie lennin lepikköh,"
1124877,958815,0.57008773,5 Kalamiäs mul kaloi anno,"Kalamiehet kaloja,"
1004200,1299197,0.732675,Taivaan alla lensin lepsuttelin.,Niillä lensin leputtelin
939078,1041244,0.93638223,"Toinen solkia sovittaa,","Toinen solkia sovitti,"
120092,661836,0.36084387,Kalamies miulle kaloja anto.,"20 Mie heinäset lampahalla,"
662919,959742,0.6298438,"Vein kakun kalamiähel,","Minä kakkaran kalamiehille,"
1299054,716453,0.8219531,10 Emäntä mulleŋ_kakkaran leipo.,"Emäntä mulle kaakun leipoi,"
1366675,1119014,0.21281411,Koivun oksa oikaseepi.,5 Kalliolle kartanoises!
593484,566798,0.19245009,"Puhu tulta, tuutimainen,",Tapaisin ämmän leipomasta:
1124502,992863,0.42674586,"Emäntä minulle kaakun leipoo,","Lepikkopa minulle sauvan antoi,"
822319,662960,1.0000001,"[Siipiänsä], sulkiansa,","siipiänsä, sulkiansa,"
558819,523662,0.17622684,"Tupa kuusi ja kumaji,",Kuin on suonut suuri Luoja
1058808,1124215,0.8571428,"Minä kakun kalamiehille,","Minä kakon kalamiehelle,"
462136,17899,0.05892557,"Per[uvozi lauzuvoši]!""","Jälkimäine leikataa,"
816569,655888,1.0000001,"Nuku, nuku, nurmilintu,","Nuku, nuku, nurmilintu,"
712457,1313778,0.34112117,"Aina atra sarvikossa,",Kysy: ketäs aitassa asuu?
1058668,968804,0.7769677,Kotkalintu siipes anto,Kokkolintu siipens anto
788771,789128,0.80257213,"5 Tammet keskitanterelle,",tammet keski tanterille j.n.e.
992726,97837,0.21442251,Saanenko sanelomahan,mustia villoja vahettaan.
1353831,1004043,0.6396021,"Kukko mulle siipiänsä, sulkiansa,","kukko miule sulkiaase,"
1319368,133834,0.17391305,"Kirpo tuli [taivosesta],","Silmät helvetin tulehen,"
633757,982690,0.9121592,Nuku nuku nurmilintu,"Nuku, nuku, nurmen lintu,"
412472,557436,0.5563486,"Kyllhän selvät sen tekkööt,","Mie sepon selkähän,"
1125669,1124156,0.21821791,"15 Kalat minä riihimiehille,",Leski mulle kakun leipo.
265497,1087781,0.42796046,"Tee pellolle pesäsi,","Sisarelle ainovalle?"""
1348264,1366697,0.9999999,"Väsy, väsy, västäräkki,","Väsy, väsy, västäräkki,"
1125205,982647,0.16162704,"Nuku, nuku nurmilintu,","Sauvapa minut tielle saattoi,"
1288131,1087770,0.9999999,"Väsy väsy, västäräkki.","väsy, väsy, västäräkki,"
500945,97632,0.20515248,"35 Läksispä rikka rinnastani,","5 Puun takkaa pahantekijä,"
1287773,1366683,0.83978224,"Nuku, nuku, nurmilintu,","Nuku, nuku, nurmennukka,"
1319096,732157,0.23490462,"eläimilt' on vaikioilta,",sivun sillä kattien silmät.
488176,982768,0.3563483,"kalliolle kartanosi,","Olin orja vellollein,"
1141579,982920,0.18181819,"Nuku nuku nurmilintu,",Silloin ei kajehtiminen vaikuta.
593580,593304,0.9797959,"Päistäret tulelle sytty,","Päistäret tulelle syttyit,"
120077,662740,0.9230772,Aita kuatu kahen puolen.,5 Aita koatu kahen puolen;
1118980,655873,0.90476185,"5 Kalliolle kartanois,",5 Kalliolle kartanosi!
982789,947930,0.69920594,"5 Nuku, kun minä nukutan,","Nuku, nuku nurmilintu,"
1089761,1004187,0.6963106,"25 Koira mulle oravan haukkui,",Koira tuli Korpelasta mullen haukkumhan;
928023,1089316,0.44854262,"Kuulin sieltä kurjen äänen,",Läksin piennä paimeneen
476570,714137,0.16439898,"Väsy, väsy, västäräkki,","Oli lintu myötävän,"
1125261,559465,0.21428573,"Laulut seitsemät, kaheksat,","Minä menin seippäässeen,"
1374584,1299192,0.40951413,"Kylen minä koirallen,","Kengät annoin mampselille,"
982707,982760,1.0000001,"Nuku, nuku nurmilintu","Nuku nuku nurmilintu,"
828502,1298707,0.14638501,"tappoi isoini, tappoi emoini,",Latvoilleen lakkapäät petäjät!
1195633,1089628,0.92857134,"Minä kakun kalamiehelle,","Minä kakun kalamiehille,"
179764,1288015,0.8181819,"5 Koivun oksalle kotisi,","Koivun oksalla kotieh,"
716526,556282,0.6855106,"Ne kun vein veneen luokse,","Kennen on vene vesillä,"
556470,350175,0.6431759,Alla vallin valkeata.,"200 Vallattoman lapsen vallan,"
992633,968720,0.23728949,Tuur luur lukkar lakkar,"Tollon lollon lokolakki,"
329969,932722,0.4529108,tüttären taputtamasta.,"Ken kuttoo sitä liinutta,"
1366817,1348191,1.0000001,"Nuku, nuku, nurmilintu,","Nuku, nuku, nurmilintu,"
1124077,125607,0.53687555,20 Hän lyps[i] tulipunasen.,20 Punanen tupa.
1090046,928261,0.9826075,"Minä kaakun kalamiehelle,",Minä kakun kalamiehelle;
1090073,938840,0.46195662,5 kun vietin muinais sotta,"Ovi seinä orhin luista,"
1089699,1125527,0.42257714,Mutta aitta kaatui kahtajalle.,"Kalamies mulle kaloja antoo,"
1089474,985841,0.7543422,"Emäntä mulle kakun leipo,","Akka mullen kakun leipoi,"
663112,662441,0.3959038,Aita kaatui kahen puolen.,"10 Minä kaakun kokolle,"
788845,788765,0.77977306,Joka oksalla omena j.n.e.,"Jokapa oksall' on omena,"
1124584,1373295,0.6681531,"Minä kaaduin aidan alle,",Minä aijalle kapasin:
374209,731172,0.17342201,"Elämissä vaigioissa,",40 Naiset kaikki naurusuilla.
1046322,793223,0.09449112,"10 Iäkse itkemähän,","Tappoi isän, tappoi äidin,"
970654,160401,0.34815532,"Iloo[l'l'en] hii[htelöupi],",muille maille pikkuisena.
662032,489392,0.5930802,"10 Ei tuo kuuksi kuollutkana,","Kuusi kaatu kuuveksi muruksi,"
1058691,1089381,0.7505682,20 Minä lihan koirallen;,"minä lihan koiran suuhun,"
15833,1348212,0.5570485,"Makkaa mailla vierahilla,",Mavot laijoilla mateli.
72389,663179,0.50621754,"Kannoin saunan karsinahan,","Avaisin sanaisen arkun,"
1298809,478303,0.14294833,"15 Ei emoi sanoiksi joua,","joss' oil lattiat lasista,"
1124360,293535,0.7816317,Kaheksaksi kappaleeksi.,"Kaheksaksi kannonpääksi,"
636590,646237,0.18569534,40 Helmi pojun käessä.,"Ken katteen katsonoo,"
160224,1002740,0.15638581,"30 Vuorelle asuntosi,",Läpi marjasen mahasi.
661904,982836,0.1767767,"tie pellolle pesäs',","Kottka mullen siivet sullki [!],"
828071,374243,0.5002443,"Ka kuin mie kalusen saisin,","Silmin kie⌈r⌉[oin] keksimätä,"
120105,993038,0.33287513,Piika kirkossa kirja käessä,Aita koatu kahen puolen.
662426,662927,0.18857858,"Yheksän meren ylitse,","Väneläinen, vainolainen."
827916,1318947,0.094491124,"Ränteä räpyttäkkyöt,","Tämän punnon purkamahan,"
120066,224711,0.7142857,Kiukuańe miula kivyön.,K[iuas] m[iulle] kivysiä;
1040993,592751,0.27541134,"10 Kurk' oil kallion raossa,","30 Kuljin päivän, kuljin toisen,"
662715,476679,0.5397505,"Mitä laulan mill ajalla,",Kalamies anto' mullen kalat.
731671,1366850,0.06855911,"Väsy, väsy, västäräkki,","65 suin lumeh, päin vitih,"
374192,822136,0.5720776,Kallivo kaheksi lendi.,Juho kaljasi Kakolle:
593321,1319131,0.19287917,"Niin silmät verta vuotakoot,","Tie m[inut] taloh sa[attoi],"
17889,602592,0.16398402,"Mihi sie silmäis sipaset,",Ei ole rejess'#54 istujoa.#55
491075,816526,0.82294446,"Nuku, nuku, nurmilintu,","Nuku, nuku, nurmen kukka,"
788780,732090,0.8215838,suguvirttä suoltamahe;,Suku virttä suoltamahan;
265517,368548,0.0951303,Räntänä räpähtykööt!,"""Mitä itket neitonen?"""
207858,861602,0.3742406,45 Uros kuiviin kuluu!,"Kasvoin kuin butki puutavassen,"
557301,712593,0.34081146,"Veikko vietii sottaa,",Vett o[n] v[eltol] soutajall j.n.e.
17798,886751,0.6000001,"Laulamma pielekset pihoilla,",15 Laulapoajella panemma
816500,982790,0.88775444,"väsy, väsy västäräkki,","Väzy, väzy västäräkki;"
1089335,488057,0.49827287,"Ne mie vyötän vyön keralla,",Tie mun kylähän vei;
1243877,1041210,0.6134383,"Yksi kuto kulta vyötä,",Ei kumaja kuiva kulkku
959043,1089381,0.56195146,20 Minä lihan koirallen;,minä oravan kotkalinnul
139618,207834,0.4023399,"Heittäs lautsat laulannan,","10 Sanat suussani sulaisi,"
21564,731259,0.13867506,Kysyi nuori Jougamoine,"90 Ei sitä pitäis suolta,"
180589,265493,0.42426404,"Tuolla vellosi tulloo,",5 Mikä näkyy tuolla?
1125015,1089729,0.3849002,"15 Pappi mulle messu paijan,","25 Minä paijan vaivasille,"
828332,1366509,0.14509524,Koskilintu korvatyynyn. ,Ken katehen kat[sonohon] etc.
827970,1124973,0.3,"20 Tyttäret mulle kakun antoi,","Lähetän kipumäelle,"
1373257,1195591,0.7470178,"Kalamiehet minulle kaloja anto,","Kalamies mulle kalan anto,"
1125330,417717,0.6010408,"Kultasist kukon sulista,","30 Kukot kultakannuksissa,"
653018,97610,0.1836796,"Ilopoasilla panemma,","Kosk ej laula#1 laulajajni,"
72376,324581,0.5144958,"Laulakaa emoni lapset,","Joko mie laulan laiha poika,"
1089867,992569,0.7164978,"5 Kalamiäs minulle kaloja anto,","Kalastaja mulleŋ kaloja antoo,"
959519,982623,0.06575959,väsy väsy västäräkki.,"Porsas minull liikkiös anno,"
1299166,1366536,0.5087704,"Koivun oksalle kotojas,","Kokkonen miulle koiran siivet anto,"
1287902,1366705,0.078446455,"Väsy, vähävästäräkki,","5 Tiepä pellolle pesäsi,"
1374860,1298966,0.29095718,"10 K[anovee] m[iulle] rautaa (?),","20 Ja takas jällee(n) tullaksee(n),"
392904,1041177,0.20016019,Mikä ojan keskellä on?,"10 Maan alla masentajani,"
1058576,1125055,0.7245689,"Minä kakun kalamiehille,","Minä karsin kankahille,"
1041017,559500,0.219826,"20 Ei karise kauran ripsi,",Luullan ryssän ryöstään tulevan.
1124346,716383,0.68312997,"Vanhat vaski solissa,","40 Akat vaskivantehissa,"
816566,982653,0.9999999,"Väsy, väsy västäräkki,","Väsy, väsy, västäräkki;"
1298839,1313919,0.3354102,15 Ja antaa huostaa houvviseen.,"5 tahto tappaa minnuu,"
1298675,1298837,0.86363643,"tappo viisi veikkojai,","tappo viisi veikkoani,"
828599,593632,0.32637665,"Pääsin aijallen pakkoo,","Lähe länkien sijala,"
97360,828134,0.40824828,"Ken katein katsoo,",Koiran kielikön kokenuñ.
662624,662443,0.78072,Päistärikkö sytty tulle[!].,Päistäret sytty' tuleen.
662705,661860,0.50602424,Kosso mulle kylykesä anto.,"Lehto mulle(n) sauv̄an anto',"
1243516,423292,0.5739967,Kuin en mie ennen aloita.#12,Eikä ennen etsittyy.
1125119,992956,0.8932598,Laavitta vaskesta valettu,"Laattia vaskesta valettu,"
1298482,1366739,0.09320547,"Väsy, väsy, västäräkki,","Tyttären taputtamasta,"
1299168,1059266,0.87287164,Kahden kaupungin läpitse;,"25 Kaheksan kaupungin läpitse,"
633875,481317,0.8427008,10 Sauva mijun tielle saattoi.,"Sauva miun tielle soatto,"
647096,1366662,0.50051725,"Turun pihalle tupases,",Tule minun turvihini!
1125639,593569,0.7606086,"20 Koira miule oravan haukku,","5 Koira mulle orosen haukku,"
1108461,480136,0.21650633,"Jott on puoliso pojalla,","Pappi mulle paitaliinan antoo,"
1109282,207880,0.2432668,"Taaton koissa tarpehiks,",Karsi kateen kahtojan suuhun!
593525,97939,0.19134595,"Keritelkääme kerältä,","25 Ei ole sitä tytöistä,"
661935,861597,0.19658928,"40 Käy pian, jouvu väleen,","Minä jyvät posson suuhun,"
662194,789432,0.16903085,"Läkkäämme, lanko, laulamahan,","Seihtemän setäni lasta,"
1059173,357930,0.2085144,"Vaset varpahin väliin,","minä lensin lepistöhön,"
1125149,1004183,0.58038104,"Riihimies mulle jyviä,","Pullan mie vein riihimiehille,"
1004203,1059080,0.9999999,Venäläinen verikoira,"Venäläinen, verikoira"
993080,1195589,0.41778636,"Leipojat mulle leivän anto,",Löysin emännän leipomasta
481349,1348280,0.06855911,"väsy, väsy, västäräkki,","Likasäärtä lik kottii,"
1004214,1059088,0.35737088,"Akka mulle kakon leipo,",lehto mulle sauvan antoi
1374211,663303,0.6354889,"Vaan minä pääsin päistärkokoon,","Minä hyppäsin aidan päälle,"
958635,958866,0.8001974,15 Sika minul liikjös annoi,Porsas minul liikjös annoi.
1002870,180576,0.22056437,"Riihimiehet jyväsii,","väsy väsy västäräkki,"
662785,1299252,0.7080882,"Minä hyppäsin aitan päälle,","Minä hyppäsin kalliolle,"
1374654,1374770,0.687524,"Akka mulle kakun leipoi,","Muija leipo kaakun,"
1046687,822382,0.442269,Seitsemän setäni lasta j.n.e.,"Itse minä lasta liikutan,"
602518,1318927,0.07188852,"räntää räpyttäkyöt,",Ko oot kiroloist' mää kiroloi!
1058665,662440,0.50251895,"Minä hyppäsin aijallen,","Minä sivun koiralle,"
1041067,982753,0.08858079,väsyv väsyv västäräkki.,Kirves kiven kihkaralla.
992541,1374418,0.7580981,"10 Kalamies antoi kaloja,","5 Kalamiäs mulle kaloja anto,"
1004112,1002860,0.22680461,"Isostenkin ihmeheksi,","Vei mun heinäni veteen,"
1125722,959461,0.19611613,Jyvämies mull jyvi anno,mülläri antoi̯ i̯au̯ho₍i̯a.
379405,500985,0.09335201,Räntää räpättäköön!,"Tuo ol selvä virren seppä,"
732201,868242,0.48989794,"E[nnen]k[un] s[anon] e[molle],",annoin ainavon sisaren
1108425,1298563,0.48900965,Yli meren men̄äksein,Minä menin Muurilhan
714096,1287956,0.9271049,"Koivuoksalle kotisi,","5 Koivunoksalle kotisi,"
1287930,1002901,0.92073685,Tee pellollen pesäs,"Tee pellolle pesäsi,"
509800,656087,0.06855911,"Väsy, väsy, västäräkki,","Kui minu enne synnytteli,"
1089340,1298915,0.9021345,"M[ie] kalat riihim[iehelle],",Minä kalat riihimiehelle;
1124108,662202,0.23145503,"Sauva minut tielle suatto,",Minä kakun kalamiehille.
382296,169942,0.44721362,"Niin#1 on suustani puhun,","Piin poskea punaista,"
959793,938986,0.08084522,Västäräkki vääräsääri,"5 ait mnuu mettä vei,"
482457,265682,0.40946153,"5 Miä hyppäisin aijan päällä,",Vain otan siitysen sissoińi?
1124881,1195638,0.76980025,"Posso mulle puolen kylkeä,","Sika mulle puolen kylkeänsä,"
207857,663165,0.35300905,"Vanhat akat vaskivöissä,",Kuka viskasi vihasa.
968818,662366,0.66850317,"Minä pullan kalamiehille,",Minä kopin [!] kalamiehel
15811,1374528,0.521672,"Kylen annon kotkalle,",Kai[ken] k[allella] k[ypärin].
72592,716485,0.5039527,Päistäret tuleen sytty.,"Kun et tiennyt Lemminkäistä."""
1298587,1003872,0.80013216,"minä koakun kalamiehille,","5 Mie k[oaakun] kalamiehell,"
1125533,671944,0.40852976,"Lihassansa liikkukohon,","10 Talossa oli ämmä leipomassa,"
1089609,1319045,0.16903086,"10 tin[aisee] tiiskisiee,",Tyttären taikinaa taputtamasta.
992843,1366380,0.41316715,"Tee sinä pellolle pesäsi,",kotkalintu mulle siipees anto
125627,1087810,0.070099965,"Väsy väsy, västäräkki!","40 Neitsyt M[aaria] e[monen],"
1059139,662006,0.5002443,Kala miehet minulle kaloja.,"minä karsiin kankahalle,"
222810,17883,0.07537784,Per[uvozi lauzuvoši].#52,"Mie̯ hei̯näzet ūgolla,"
1118971,1088088,0.9999999,"Väsy väsy, västäräkki.","Väsy, väsy, västäräkki - - -"
1059121,1089460,0.9999998,Minä kyljen koiralle;,"Minä kyljen koiralle,"
500903,1366561,0.087537624,"Väsy, vähä västäräkki,","Kierosilmä keksinöö,"
1125125,662702,0.61394066,"Minä hyppäsin aij̄alle,","Minä menin aitan päälle,"
412468,828536,0.43301263,"Silmät käännä kellellehen,","5 Millä mennä seppelä[ä]n,"
1318933,1046579,0.06575959,"väsy, väsy, västäräkki.","tähet liikkuit taivahass',"
557215,602561,0.09449112,"Räntää räpättämään,","Mitä laulan, kuta laulan?"
97707,122834,0.5345225,Sen verta sanan sioa!,"Voi [veijon sulosanańe],"
1202939,1287925,0.6185896,"Kalliolle kartanosi,","Kahelle kanan-munalle,"
822424,1087795,0.067115605,"Väsy väsy, västäräkki,",20 Tyttäret taputtamassa.
662046,1089377,0.6708205,Minä kalan riihimiähillen;,"Minä#2 kakkaran kalamiehille,"
1348231,982645,1.0000001,Nuku nuku nurmilintu,"Nuku, nuku, nurmilintu,"
662171,1058812,0.92295796,"Minä jyvät possun suuhun,","Minä jyvät posson suuhun,"
1041143,97829,0.48448133,"Mitäpä lajie laulan,",Sormus lastun latikalla.
1124810,1059559,0.23333333,"Sieltä löysin pienet piiat pikarista,",Parasta paikkoaan;
828964,788850,0.6236096,"Min käkönen kukahtaa,","Ken katein kahtonoo,"
593417,593539,0.503362,Tiet sie ämmä miulle koakun?,"Sauva miun tielle soatto,"
357891,97449,0.14142136,"Veräjiä 5:ttä, 6:tta,","""Sitä itken mie polonen,"
1374386,1374744,0.7313573,"Koira kontiss', korvat lotkoss'. ",5 Piru kontis korvat hörös. 
993100,959614,0.19360076,10 koira mulle oravia haukkui,"Jossa käki kukutteli,"
1002887,1288166,1.0000002,"Tie pellolle pesäsi,","Tie pellolle pesäsi,"
480202,171501,0.19641854,Orit konsti koipiahan,"Mie tuoll' vastahan sanelin,"
171503,1383365,0.66683125,"Lähtekämme laulamahan,","Jos lähen [laulamahan],"
646346,1125641,0.41030496,"Pappi mulle paijan antoi,",Toipa mullen uuv̄et kengät.
663220,1124763,0.8001321,Minä kapasin aijan päälle:,"Minä hyppäsin aijan peälle,"
446103,1411511,0.8007573,"Tuosta minä poimin polleen,","Miä poimin polleheen,"
1118822,982782,0.93939406,"Nuku nuku nurmilintu,","Nuku, nuku, nurmenlintu,"
662897,1195620,0.1278043,10 Kymmeneksi kynnykseksi.,"Minä kapusin aidalle,"
1041247,1005861,0.30123204,sen kynnyksen etee.,15 Kun nuorena sotaan vietiin
662169,1124108,0.7273929,Minä kakun kalamiehille.,"25 Minä kalat riihimiehille,"
215535,662189,0.08451543,"Souteloopi, jouteloopi,","Elä tiiä tulijata,"
1374514,647088,0.1681682,"Kuusi kummini tytärtä,","Tappoi isän, tappoi äilen,"
1046554,1366698,0.69920594,"Nuku kun minä nukutan,","Nuku, nuku nurmilintu,"
560442,559255,0.4795122,"Laulamaan lakuttammaan,",Yhä yhtä laulattaat.
1298685,1313973,0.21516575,"Osti orjan rouvaksese,","vitsikko miull sauvan anto,"
364743,1366496,0.07543143,"Väsy, väsy, västäräkki,",Veistään parentamaan.
1348161,1348178,0.78582525,nuku nurmelle hyvälle!,nuku nurmel hyväl
982769,1366563,1.0000001,"Koivun oksalle kotosi,","5 koivun oksalle kotosi,"
1058613,958894,0.8295149,Siat taikina sotkusi,"siat#1 sotki taikinaa,"
1124501,1125562,0.18531235,"Ruottalainen ruotukoira,",Minä lensin lepikkoon.
1089362,593466,0.51724136,Yli meren mennäkseni,"Tuli meillen verinen koira#1,"
1090039,1124777,0.5669467,Akkapa mulle hiilikoisen (anto);,"Kuusikko mulle kepin antoi,"
1124883,663010,0.82319343,Ja pappi anto' mulle liinapaidan.,"Pappi mulle paian anto,"
1108470,1002814,0.40522042,"kalliolle kartanosi,","5 Akka mulle kaakun leipoo,"
663255,1298508,0.30151135,"Mie vua vieri vitsikkoa,",10 Tie vei minun talloin.
72441,1348350,0.07543143,"väsy, väsy, västäräkki!",Luoja synniksi lukou.
1089383,1041207,0.2921187,10 Aittanen lastun keskellä on.,Minä oravan oinahallen;
1374878,566765,0.47619045,"En tiiä mie poloinen,",Tie minun kylään toi. 
662477,663300,0.6298898,"Kuusi kummin lasta,","Kuusi kummini tytärtä,"
672103,602677,0.79357547,"Ken katteen katsonno[o],","Ken kattein kahtonoon,"
662862,1288172,0.19867983,"Tie sie pellolle pesäsi,","Minäpä hyppäsin aijalle,"
1348313,1287984,0.9553303,"Nuku, nuku, nurmilintu,","Nuku, nuku, nurmil intu,"
1298669,968752,0.88724416,"yli meren mennäksen,",yli meren männäkseeni
560126,394572,0.2858967,"Ite on saamani sannain,","Kuuluu koiran kunniana,"
120019,1373280,0.7396003,"Rokon naiset nauramahan,","Pr[oko]n lapset nakr[amah],"
1124224,1299052,0.2535463,"15 Miniän velliä keittämästä,",Minä sen vaivasille.
671831,179732,0.2700309,"5 Kanna pellolla pesäsi,","Sille hiien hevoisella,"
828616,959920,0.06454972,"häri̯äp_pöü̯räm_pǟs̄ pöü̯le,","Emäntäs uamuselle,"
1116046,653029,0.6172133,Jota lauloi laulajani.,"Läpi seinän laulajata,"
868168,97337,0.3333333,"Voi veikko sulo-sanańi,","Tulloo Pohjan poika,"
1299236,959316,0.5417289,5 kalamies mul kaloi annoi,"Kakkaran minä annan kalamiehelle,"
406949,982851,0.083045475,väsy vähä västäräkki.,"Yks sippuu silkkii,"
1058673,1004158,1.0000001,"Sivuseinä sirkan luista,","Sivuseinä sirkan luista,"
822277,593346,0.6206897,Sinisaapas Saksalainen,poika#2 Suomen saksalainen*
712524,224702,0.19611613,pyörähin mie Prokkozeh.,Siskokset sinne tänne
593773,1118949,0.09320547,"Väsy, väsy, västäräkki!","15 Mie leivän kalamiehelle,"
868183,1313729,0.379049,Ant ei anna lapsiaan,"Otti tuliluuan vaskipan̄an,"
471925,982911,0.07543143,"Väsy väsy västäräkki,",Kärsinyt kovan kipiän
1046580,655877,0.85875374,"Tie pellolle pesäsi,","Tee pesäs pellolle,"
157577,982672,0.09320547,"väsy, väsy västäräkki,",Päivät päällä puuhuoaisin!
1059639,959629,0.19245009,susille sukkavilloja,"Riihimiehet mulle jyviä anto,"
662038,661999,0.75724024,"Sauva minut tielle vei,","Sauva minun tielle neuvo,"
716373,1059639,0.71710867,"Riihimiehet mulle jyviä anto,",10 Riih'mies miulle#2 jyvät anto.
662844,662537,0.8463274,Tytär ol' taputtamassa.,Tyttäret taputtamassa.
229927,1124500,0.15875016,10 Yheksäksi yrijänän kepiksi.,Teiän kirves kirjoitellut;
1087798,1366665,0.06575959,"Väsy, väsy, västäräkki,","5 Kyllä Herra herättää,"
1287794,1366824,0.09672388,"Väsy, väsy, västäräkki,","Nuku nurmelle hyvälle,"
561888,938979,0.20145576,"Aitta tammen tarhasesa,","Ei oo ennen etsittyy,"
633754,816545,0.81818193,vakaista vaatteissa.,"25 vakahaista vaattehess,"
663081,1124831,0.7987229,"Kuusi kuueksi muruksi,","kūsi kūveks muruks,"
224698,1001451,0.46819106,Kivi lähteen keskellä.,"Lähen mie Läkköläh,"
1089971,1046573,0.07184213,"väsy, säsy västäräkki,",35 Siell' on kirjavat kivet
982661,1288255,0.9999999,"Väsy, väsy, västäräkki,","Väsy, väsy västäräkki"
1299186,1124132,0.35856855,"Lähin kesken kullan keittämisen,","15 Minä kakkaran kalamiehelle,"
602611,1017617,0.7056502,"Pohjan pitkään perään,","Käymään pitkin Pohjalan mäkkee,"
210588,656025,0.4314555,"Kallijollen kartanoisi,","Paista mulle kakkaraine,"
816550,944716,0.7745967,"Nuku nuku nurmel_lintu,","Nuku, nurmi lintuseni,"
958782,992843,0.31139955,kotkalintu mulle siipees anto,"Ämmä minull' kaku leipos,"
960045,662263,0.69402206,"25 Sivun seinä sirkan luusta,","siu̯usei̯nä sirkal_lui̯st,"
1199123,556128,0.19518,"Appi aisalla tavoitti,","Minä laulan kontiolle,"
230106,1374691,0.51149577,"5 Löysin ämmän leipomasta,","Yksi on lesken leinen linna,"
1059249,476572,0.4811252,"""Mihin myöne lintusein,","Menin minä lepistöön,"
649354,602665,0.3333333,"Ennen muita musta lintu,","Ennen käymätön ejillä,"
1348279,655846,0.9121592,"Nuku, nuku, nurmilintu,","Nuku, nuku, nurmen lintu,"
329978,887025,0.6227991,Tuhansilla tukkusilla.,"Sulkkusilla myssylöillä,"
819531,712543,0.60481465,"Isä istu pöyän peässä,","5 Kurki#1 istu kan̄on päässä,"
819408,1124205,1.0000001,"Kuusi kuueksi muruksi,","5 Kuusi kuueksi muruksi,"
1058558,17839,0.19245009,"Taivońi#32 tähittämäńi,#33","35 Sonnit mylvei pyörän päässä,"
1086950,1287768,0.0860663,5 Nuku nurmel hyväl!,"20 Morsian istui hevoosen seljäss,"
1348338,1287764,0.6827887,"Nuku pois nurmenkukka,","Nuku, nuku, nurmilintu,"
1124507,1319362,0.15724273,"Hyyhmänä hyräilköhöt,",Emäntä leipoi minulle kakun;
992754,1118483,0.0833655,"Väsy, väsy, västäräkki!",30 makkartinkki#2 kauhan kaappi.
1087798,481345,0.1745743,"Otatko omast kylästä,","5 Kyllä Herra herättää,"
787768,1125567,0.3158381,Kuusi kaatui kahtajalle.,35 Pään kullan kujertamasta.
117983,982715,0.94965494,"Nuku, nuku nurmilintu,","Nuku, nuku, nurmilintu j. n. e."
714077,1366797,1.0000001,"Nuku, nuku, nurmilintu,","Nuku, nuku, nurmilintu,"
828298,560537,0.58635277,"10 Mää raukka Rantalaan,","25 Akka rautanen, mies rautanen,"
1059528,1124847,0.18609683,"Josta suuri härkä kasvo,",Sopia se sotaan meni
1268460,982742,0.0833655,"Väsy, väsy västäräkki.","No mitä nyt miitin virreksein,"
982871,982748,0.37219363,"Kalliolle kartanosi,",5 koivun oksalle kotosi.
716435,731874,0.4646418,"toinen on rekioroinen,",Venäläinen verikoira
993203,592799,0.53544974,5 Saunan päälle päisterihin.,"Minä hyppäsin pinon päälle,"
1003983,959528,0.16265,"Lehmät leipposi leippii,","Emäntä määki Lammaslaaris,"
661801,959204,0.845154,Minä kaku kalamiehel.,"5 Minä kakkaran kalamiehelle,"
992548,959166,0.81537426,yli meren mennäksen,"yli järven mennäkseni,"
387656,329979,0.49065337,Miks' on kaulasi katettu,"Mie karsin kankahalle,"
661923,822022,0.90582144,"Sauva minun tielle saattoi,","Sauva minut tielle saatto,"
634533,1086962,0.20801257,"Tikku puussa tikuttihin,","*kuhunkin kuletettunna,*"
593518,646257,0.35737085,Sormus neulasen nenässä.,Miss' on kymmenen kyllää.
1059278,646350,0.14605935,Pikku lintu västäräkki,tahto vielä minunkin tappaa.
480270,633751,0.50917506,läpi salvamen sannoo:,Sai sanansa sointumahan.
234005,1221894,0.3348554,Lensi aidan kynnykselle.,"Ajan kallihin asuvan,"
1114945,1089338,0.53611094,Minä kakon kalamiehelle;,"30 Minä aijalle kapasin,"
1366782,982868,0.09672388,"väsy, väsy, västäräkki,","Tee pellolle pesäsi,"
1195590,662245,0.6420578,"Minä kalat riihmiehelle,","Minä leivän kalamiehille,"
1288171,1348306,0.9999999,"väsy, väsy, västäräkki,","Väsy, väsy, västäräkki,"
1125198,1159098,0.2502173,"Kahen kallion rakohon,","Venäläinen, verikoira,"
559346,559345,0.50251895,"Eikös näin hyvä olisi,",5 Eikös näin soma sopisi
602150,97868,0.2745626,"20 Neiti tunkekse tulesta,","Kuin uuen tuvan tekis,"
1374321,662210,0.6423171,"Minä kalat riihimiehelle,","Minä kakkaran kalamiehille,"
828456,992608,0.16692448,"Sonni hakkas puita,",Rasvana rapattakoot!
816473,1348330,0.830291,"10 Nuku nyt, kun mie nukutan,","Kun et nuku, niin nukutan,"
602623,714065,0.11677484,"Nuku, nuku, nurmilintu,",10 Noialta nenän puraise!
828880,1353819,0.5026155,mut mie pääsin uunin pääl pakkoo.,Päästä päällinen Jumala
731727,602561,0.08512565,"Räntää räpättämään,","sukuheni suurta miestä."""
662611,1059463,0.8581162,Tyttäret kulta siloissa.,"35 Tyttäret kulta-silo'ssa,"
661998,1374311,0.8365018,"Leppä mulle sauvan antoi,","Lehto mulle sauvan anto,"
968723,1287993,0.5003702,En mie laula kallioille,"minä kakun kalamiehell,"
816438,656060,0.86576813,"Nuku, nuku, Nurmi-Tuomas,","Nuku, nuku, nurmilintu,"
655875,982829,1.0000001,"Nuku nuku nurmilintu,","Nuku, nuku, nurmilintu,"
593633,230088,0.34020692,"Otan suolta suuren kuusen,",Aita miun alleen koaato.
788854,804576,0.81481475,"Lähemmö, langot, laulamaha,","Nukka, langot, laulamahe,"
732181,97421,0.16269785,Šoanenko šanelomahe!,"astioita korjailemah!"""
655986,1002839,0.88527036,"tieppä pellolle pesäsi,","tiep_pellollep_pesäs,"
1202957,938899,0.60783064,kalmastrikka kaunis lintu,20 Kallistuin kassomaan.
1089375,960067,0.7474093,"minä kala ohramiähel,",Minä kakun kalamiähellen;
1298876,157303,0.19069251,"Miksip' ei minua syötä,","5 Sit sauva tiel soatto,"
1059325,662562,0.62105894,"Minä kakkaran kalamiehille,","Minä kalat jyvämiehelle,"
133828,788770,0.7236272,"Laulamme lammit lattijoiksi,","Mitä laulamma lajia,"
1046581,1287816,0.9271049,"Kalliolle kartanosi,",kartanos kalliolle!
72397,1124139,0.30792016,Tie minun kylähän saatto.,"Sielt' ei ole sanojen soajaa,"
1124571,959009,0.8685989,yli meren mennäksen,"Poikki meren mennäkseni,"
293135,1313741,0.65096366,"50 Laulajain on laatu miesi,",Laellain laulukirja;
1288160,1287970,0.954427,"Tie pellolle pesäsi,","Tie sie pellolle pesäsi,"
556069,560486,0.54840845,"Mitä miitin, kuin nyt laulan,","35 Muut kuin nukkuit, mie makasin,"
1040923,1041095,0.8693182,Kylä toi t[uolla] k[aukana] n[äkyy].,Kylä tuolla kaukana.
734111,97866,0.2057378,Helietä heijakkoa.,"Työnnä minuo linduloihe,"
1373298,1298813,0.25031307,"peräseinä petranluista,",Minä Rokan selkähäni
1298941,593817,0.83743584,Päistäret tulel syttyit;,"Päist[äret] tul[ehen] s[ytty],"
1002914,789380,0.19462474,"Että kuulusi kuusikoissa,","Päiväksi visertämähän,"
662877,732191,0.21483447,"piäsi hän ison pihoilla,","Minä vein kalat riihmiehille,"
731261,1059372,0.21392222,Päätäni panettamaan (panettamahan),"""Peästä päivissä pahoissa,"
661896,663143,0.7937507,Kalamiehet antaa mulle kaloja.,Kalamies mullen kaloja annto.
1040757,500866,0.42077208,"Musta ver, valkia ver,","Kujasta kuijaa, vajasta#1 vaijaa,"
655965,819469,0.57792044,"Aitta[!] kuatu kalliolle,#1",Kalliollen kartanosi!
816447,1087790,0.6770671,"Väsy väsy, västäräkki,","Väsy, kun minä väsytän!"
1288218,1348356,1.0000001,"Nuku, nuku, nurmilintu,","Nuku, nuku, nurmilintu,"
488062,633899,0.2511059,"Penkit pienistä rahoist oi,","Miss mie kuulen kiitettävän,"
868098,157307,0.41666663,"25 Eipä ennen miun isoni,","En ota vasten ihtiäni,"
1089603,970689,0.5045046,kuukausi karitan kantaa.,"Aita kaatui kahdenpuolen,"
97225,1059631,0.5988494,"La, la, la, la laulettiin","30 En ma sinne#1† liijon laula,"
593488,959575,0.25492495,kotkalint mul siippes annoi,"20 Kalamiehet miulle kaloja,"
1298895,819503,0.1767767,"Tuli tuuli, otti airon,","6 kum[mini] tyt[ärtä],"
1089745,662480,0.43768817,"Minä piäsin päistariin,","Minä menin Köykkälhän,"
1108425,828991,0.3481553,"Kieoron [!] silmin kecksinön,",Minä menin Muurilhan
1002743,619273,0.36223087,"niinkuin virtaava vetonen,"," Haapana (semmonen vesilintu) hyvän hameen,"
592099,380244,0.15811388,"Kylän kehno kelläjääpi,","Uni ulkonta kysyvi,"
828204,828585,0.64888567,"Kuivalatva, rautaoksa,","Rauta kuusi#1, rauta#1 oksat"
394572,766198,0.60388106,"Ja saamme sanelem[ahan],","Ite on saamani sannain,"
958900,1374818,0.7426107,"Vainiolta minä kepin löysin,",köpi minä löysin
982763,1288272,0.99999994,Kalliolle kartanosi!,Kalliolle kartanosi
1114966,210607,0.5345225,"Minä oravan kokoille,","Koiro mulle oravan haukku,"
121272,1366766,0.07484812,Västäräkki vääräsääri,Lapseni vakavuuten[i].
1046619,828636,0.31180477,"Ken katein k[ahtonoo],","Kalliolle kartanosi,"
230097,133853,0.340168,"Kuka#2 silma tahto syyttä syöä,","Itettää ihalat silmät,"
500862,959325,0.18650095,yli mere mennäksen,"Asjat ovat yhtenäiset,"
939288,1087819,0.15713483,"Teep pellollem pesäsi,",Oleks mittä muinast kuullu?
1125516,1089709,0.86210537,"Pappi mulle paidan antoo,","Pappinen mulle paian antoi,"
793282,1141568,0.3061862,Olkoon kattilassa.,"30 En tunne tuvassa olla,"
716352,662938,0.5329481,"Minä kavun aijalle,","Siit annoin kakun kalamiehelle,"
992955,1389296,0.47355703,"Kucku sulle, kucku mulle,",Pöytä kullasta kuvattu
1287840,1287981,0.8391463,"Nuku ku mie nukutan,","Nuku poisi ku nukutan,"
1141506,982741,0.19462474,"Nuku, nuku nurmilintu",Jeesus siunakkoo minua
992590,1089478,0.7949962,"Riihimies mullen jyviä antoi,","5 Riihimiäs minulle jyviä anto,"
399054,1002851,0.09320547,Väsy väsy västäräkki,Tunki turkkisen sis(s)ään;
993055,1125507,0.43346074,Minä kakun kalamiehille.,15 emäntä mulle kaakun teki
1124103,1366824,0.0717496,"Väsy, väsy, västäräkki,",Tie minun taloon vei.
1059401,1058688,0.13363062,10 riihimiäs mul jyvät annoi;,Tahtoi munkin tappaa.
1059258,804621,0.1754116,Vanhat miehet vahtimah!,"10 Riihimies mulle jyviä,"
560534,1318850,0.19720265,"Minkä syöksen syöjän suuhun,","Kun on kumma, kuunnelkoot,"
992535,959787,0.77459663,takasiu̯_u̯iä̯l tul̄akseni.,siältä takasin tullakseni.
15790,655973,0.067115605,"Väsy, väsy, västäräkki,","Ota niistä jompikumpi."""
593620,959266,0.58080226,"5 minä kalat riihimiehel,","Mie kaakun kalamiehiil,"
992798,97728,0.12309149,"Kuim meitä Viro vihovi,#16",Vaskista vajaa myören
662919,1298972,0.52915025,"Karjalan katajikkohon,","Minä kakkaran kalamiehille,"
120054,662343,0.18731716,"20 Koira mulle orava haukku,","H[einänvetäjä] minulla heinäsiä,"
662383,1368209,0.09697623,10 Väsy vähä västäräkki. ,"Nuoret miehet miekka vüöllä,"
1089367,816474,0.27247465,"Kun et väsy, niin väsytän.","Minä lennin metsään,"
1313712,1314022,0.77300125,Jurkka miitti mielestään:,Siit miitti mielestääse:
663127,982746,0.06855911,"Väsy, väsy västäräkki.","Venäläinen, verikoira,"
959981,1288115,0.17251639,Vaivu muale valkialle!,Kotkalint minul siippe anno
1124112,210603,0.4599331,"Minä kylen koiralle,",Minä lentää leputin
1298836,1003933,0.7247138,"tappo Isäni, tappoi äitini","tappo issoi, tappo emmoi,"
822099,712538,0.5555556,"Liisa hihat liitteli,","Jalka lasta liikutteli,"
1374421,410999,0.22470176,Anto peltosen pilata.,"Mie annoin jyvät posson suuhun,"
1001471,556134,0.5220925,"100 ""Mitäs itket, piikuein?""","Neljäs itkee pikku veikkoansa,"
663286,1114963,0.45873174,"Minä sen riihimiehelle,","Minä lensin lehtohon,"
1374736,992731,0.32417634,minä karkasin aidan päälle,"Kotkalta sain siivet,"
1366873,982779,0.8190284,kartanoises kalliolle -,Kalliolle kartanosi!
959502,993164,0.2831969,"Kiukaantausta kissanluista,",15 isännä tallis hirnusi
72484,1159139,0.4085298,Tahi hampahin hakannut.,"95 Se sinun maahan opastaa,"
789126,887033,0.3026138,"Panisimmo tuoh on#4 soarelle pienelle,","Kun sen lauluille lähemmä,"
1058554,1318993,0.0855921,"hyrrii hyriskööt,","Puut punaiset, maat siniset,"
480204,380223,0.5012804,"La mie koittelen liekkuan,","75 ""Mie tulen, koira, konkkimasta,"
1299007,1373265,0.77957964,"30 Sivuseinä sirkanluista,","Sivuseinä on siltaluista,"
418404,1373253,0.4557327,"Ja toiseh taloh,","Tahtoi tappaa miuista,"
816485,1348303,0.64623034,"Nuku, kun mie nukuttelen,","Nuku, nuku, nurmilintu,"
1124813,658839,0.15389675,Pitkä matka tätilää.,"Päältään parahiaan,"
1124188,1089282,0.1851852,"Isäntä hieroo hinkalolla,","Tappo isän, tappoi äidin,"
1366378,982647,1.0000001,"Nuku, nuku nurmilintu,","Nuku, nuku, nurmilintu,"
993081,1089983,0.20145576,5 Päistäret tulehen syttyi - -,"15 Piikasen taputtamasta,"
324577,593459,0.21759705,"Mie jyväset posson suuhun,","Ku mie saisin mokoman,"
1058435,1373295,0.6335526,"Minä kaaduin aidan alle,","Minä hyppäsin airan päälle,"
1002887,1366380,0.85348606,"Tee sinä pellolle pesäsi,","Tie pellolle pesäsi,"
1116047,375006,0.4620689,"Tavallani taanosella,",5 Lattialla Lappalaista.
181204,1059051,0.3795361,"Minä kaikki kalat merestä,","Ken olloo katehin katšon,"
1287970,982904,0.76923084,"Teep_pellollep_pesäsi,","Tie pellolle pesäsi,"
662437,959324,0.4579054,kotka lintu minul siipes annoi,5 Olis tappanna minuvakkiin.
1366738,982798,1.0000001,"Nuku, nuku nurmilintu","Nuku, nuku, nurmilintu,"
227221,592743,0.46625233,"Peätäni panettamahan,","Hiuksiain vanuttamahan,"
1124509,968709,0.34391797,Kotkalintu mull siippees laino,Kalamiehet minulle kalloja;
1288146,982691,0.9999999,Väsy väsy västäräkki,"Väsy, väsy, västäräkki,"
1089844,1059115,0.92857134,"Minä kakon kalamiehelle,",Minä kakun kalamiehelle.
593418,784012,0.8333334,Tie miun talohon saatto.,Tie miun talloon soatto.
1124857,1125199,0.7745966,"Tappoi isän, tappoi äidin,","Tappo isän, tappo äitin,"
716366,97174,0.43549418,"Ennen soaduja sanoja,","Kiven silmän suurukainen,"
560638,1047067,0.07543143,Väsyv_väsyv_västäräkki!,Onha miula virtosii
731870,714004,0.07543143,"Väsy, väsy, västäräkki,","55 hambahin vesihavossa,"
1298693,1391868,0.43105277,"sika miulla sukahaisen,","kalamiehet miulle kalloi,"
1159123,1348161,0.090721846,nuku nurmel hyväl,Lemmon leukaluut sukasi.
1118483,982917,0.9999999,"Väsy väsy västäräkki,","Väsy, väsy, västäräkki!"
655962,1366585,0.90711474,"Tie nyp pellolle pesäjäsi,","Tie pellollen pesäsi,"
593613,1125048,0.65982884,"Sauva minun tielle saatti,","Tie miun talloo saatto,"
662912,959149,0.1895245,lehmä leiposi pöörän pääs,"Kiven silmän kiekurainen,"
476228,127529,0.43105277,"25 Kun on maitona makasit,",Hyva on kotonna olla.
789402,1124375,0.520266,"Minä kepin katkasin,","10 Min käkö kukahteloopi,"
1124509,210598,0.8882349,"[Kalamies minulle] kaloja,",Kalamiehet minulle kalloja;
662827,1001482,0.248452,Mikä kaukoa näkyy?,"Minä leivän kalastajalle,"
1313946,519379,0.3706247,"Langot laulavat hyvästi,",Vanhat ukot vankiloiksi.
1313936,712508,0.3678836,"Yks' kuttoo kultaa,",Kupernörin kuijän.
1124122,1089831,0.95652163,"Verikoira venäläinen,",Venäläinen verikoira
446041,671847,0.5356557,"40 Tuolta voiman voivuttais,","En voi iloita olla,"
732199,716378,0.29277,15 Jolla siit lensin lepsuttelin,"120 sitä itken sen ikäni,"
482451,655948,0.08858079,"Väsy, väsy, västäräkki!",Vain otan vietroi-veikkoseińi?
1118823,982708,0.9999999,"väsy väsy västäräkki,","Väsy, väsy, västäräkki!"
1125360,1125078,0.95668066,"Tappo isän, tappo äitin,","Tappo isän, tappo äitin j.n.e."
1125243,1125293,0.9237603,Pappi mulle paljan anto.,"Pappi mulle paijan antoi,"
1059436,734078,0.24999999,Lauloi vanha V[äinämy]t,Vanhat äijät ämpäristä
1411520,263805,0.3344968,"Miehen vedmat vertajaat,",30 Minä viljoi versillää
1366626,1002901,0.8406728,Tee pellollen pesäs,"Tie pellolle pesäjäs,"
1260711,1348177,0.9553303,"vaivu maalle valkijalle,","Vaivu maalle valkialle,"
299925,330045,0.5243041,120 Valkiata vaatsimaa!,Taatt' ei maata tallaele.
97611,285078,0.5402955,"15 Laulan miä laulajat paremmat,","Ruvennemma laulamah,"
822175,1125541,0.5577733,"Tappo isän, tappo äitin,",Tahto t[appoa] m[inunki].
926134,827877,0.4321208,"Katteelta silmän kaivan,","Ken katehin katsonoo,"
1108465,655904,0.070456706,"Väsy, väsy, västäräkki,",25 Kissi mulle kaikki poikansa kantoo.
1002833,655973,0.9999999,"Väsy, väsy, västäräkki,","Väsy väsy västäräkki,"
1087781,714036,0.9230771,"Tie pellolle pesäsi,","Tee pellolle pesäsi,"
224702,1288034,0.1875,"Tule uniukko tänne,",pyörähin mie Prokkozeh.
1363570,1363552,1.0,"5 Toinen kutoo kultaa,","Toinen kutoo kultaa,"
1124882,958938,0.3380617,minä ämmä lamppak kato,Minä sen papille.
1366623,655880,0.8446529,Koivun oksalle kotisi!,5 Koivun oksalle kotoses!
819495,374231,0.58693916,"Juho kaljasi Kakolle,","Kallio#2 kaheksi lent,"
1298815,1353786,0.9158438,"Venäläine, vainolaine,","Venäläinen, vainolainen"
992737,1299071,0.67700315,"Kalamiehet miullen kalloi,","kalamies minulle kaloja onki,"
376061,819530,0.21926449,minä suolle soipottelin.,20 Kupern[aattorin] ku[jalle].
992761,993144,0.5530409,Minä koakun kalamiehille,"Minä karkasin ailan päälle,"
968717,1059463,0.2222771,Tyttäret kulta siloissa.,"muijat määkisi karsinas,"
17826,939243,0.31755367,"""Itken nuorta veljeäni",T'⌈i⌉jän#25 kuit'enki vähäźen:
968753,788895,0.17407766,10 kuldoipyöröllä kägöne.,takas jällen tullaksen.
123430,1002893,0.070099965,"Väsy väsy västäräkki,","Paleles vesipajuja,"
1298992,1374374,0.27888665,"Minä pääsin lepikistöön,","Kiven silmän kiekkurainen,"
1058445,992839,0.8041317,"possu mulle liikkiön anto,","Possu mulle liikin leikkas,"
939250,617693,0.24854791,"5 Lauletaan (on) laatusasti,",Joka viikko karitan kantaa
501109,1115991,0.13025792,"Anna Jesus suo Jumala,","Piästa, Luoja, piästä luonto,"
98081,959635,0.2608746,minä hyppäsin airan päälle,"30 Kerin virteni kerällä,"
970699,1108294,0.60092527,"Toin kurjen kotia,","10 toinen kutoo kultavyätä,"
789481,662288,0.26832816,"Löysin emännän leipomasta,","5 Järven peähän jeätynyttä,"
445172,1313832,0.09901476,"P[uuttuu] p[uumerkkilöihe],",Vai istuin revoin rekoihen;
928301,1124291,0.6191035,"20 Kalamiehet mulle kaloja,","10 Minä kaakun kalamiehelle,"
959980,959251,0.7856741,kalat minä kotkan linnul,15 Minä oravan kotkalinnul.
120748,1004165,0.82922804,"Tappoi viisi veikkoani,","Tappoi viisi veljeäni,"
1089502,1058703,0.29078555,"Olin minä muinen mustalainen,",Riihimies mullen jyviä antoo;
15826,672104,0.31872758,"Kierosilmin keksinöön,",Niin on v[anha] V[äinämöine]
324618,488039,0.5360202,"Vain otan isoini vanhan,","50 Sinis on viittä valta'ani,"
1089636,1348182,0.42906398,Vaivu mualle valkijalle!,"Minä messupaidan vaivasille,"
827868,992759,0.5246313,"5 Mustin koirat kopin edessä,","Koiran korvat korvikseen,"
1374541,993001,0.70352656,Minä menin kylään,"Menin minä mettäh,"
480215,1243520,0.22271773,"Niiko seinähirtosia,",Sievän seitsemän numeron;
1040802,861574,0.2226809,Saatiin halee hauki;,"20 Sisarellen sinisen lampaan,"
1058874,500971,0.18208925,"Yks tee oli tullaksees,","Yli meren mennäkseni,"
325887,982755,0.14704292,väsyv väsyv västäräkki,Työ käsettä laulamaa
1366764,1348085,0.72595394,"nuku poisi, nurmellintu,","Nuku, nuku, nurmilintu,"
17811,17817,0.86452997,*Toip' on n[uori] Jou[kkahaińi]*,"Toińi nuori Joukkahaińi#12,#13"
1374551,661941,0.617395,Joilla ma#2 lensin lepsuttelin,Orava lensi letkutteli
1004061,445169,0.30463588,Kuite mielipuolelleen:,"Meni yhen tuvan ovelle,"
1288013,1089670,0.3069703,"10 Riihimies mulle jyviä,","Tie pellolle pesäsi,"
1040909,939262,0.8807048,Neljä nuorta neitsyttä.,Neljä nuorta neitsykäistä!
655922,656038,0.813125,"Kalliolle kartanosi,","Kaalimaalle kartanosi,"
1125652,992678,0.18316874,"Yli meren mennäkseni,",Oli siinä vielä tynnyri suoniakin.
1089476,985843,0.7589711,"Kalamiähet minulle kaloja anto,","Kalamies mullen kaloja antoi,"
143429,1124167,0.77459675,Yheksän meren yli,"Üheksäm meren ülitte,#4"
1124559,1125013,0.7222224,"Minä oravan papille,","35 Minä oravan sepälle,"
804625,734066,0.615587,"kaunehešti kazvattaja,",50 Karjalassa kaunehembat!
1058493,1089668,0.78173584,"Kalamies mulle kaloja,","Kalamiäs minulle kaloja anno,"
602691,787677,0.3003757,Suguvirttä suoltamah.,Emoltain Maarialta.
556384,72543,0.48989794,"""Kuule ainoo poikuooni,",Niin se luuloo monikin
556109,634542,0.50021636,"siitt on lasta lattialla,","75 La mie laulan tähän taloon,"
1374406,1374335,0.75309414,Joilla lentee lepsuttelin,"25 Joilla minä lensin leputtelin,"
1124735,656010,0.51467496,"kalli(i̯)olle kartanosi,","Lehet kellan karvalliset,"
1004048,1124170,0.6963106,Siellä#4 punaset puut.,"Jossa on puut punaset,"
1124686,593746,0.28097573,"10 Metsä miull' sauvan anto,","40 Yheksän meren ylitse,"
479862,1040855,0.20145576,"Jallaat alta aimottaa.""","Pois on nyt pojilta lysti,"
662858,1195613,0.70868343,"Tappo isän, tappo äidin,","Tappoi isän ja äidin,"
662427,992462,0.19641854,"Lehmät leipos pöyrän pääs,",Aita kati kahen puolen.
959013,959336,0.5179323,Ämmä minul kaku leipos,lehmä leiposi leippi
663149,1058846,0.78067094,"Koira minulle oravan haukku,",Koira antaa minulle oravan.
1125079,423288,0.3768892,"La mie laulan viel' vähäisen#9,","Olipa vielä vähällä minutkin tappaa,"
1366503,1002843,0.8076924,"Tieppä pellolle pesäs,","Tee pellolle pesäsi,"
1202972,265499,0.42163703,"35 Hanhet kaljuut kainalossa.""",35 Kalamies minulle kaloi.
519426,180605,0.63048834,"Kolmas laulo Lapin virren,","Virret laulaen vähene,"
822432,1298571,0.67706716,"Venäl[äinen], vainol[ainen],","Emännäinen, armahainen"
731846,1090028,0.40128618,Venäläinen verikoira,Virkkaa vanha Väinämöinen
1108295,558832,0.26215205,"La mie laulan aikanain,","10 Panin Kirstin lypsämahän,"
1141525,982799,0.1221125,"Väsy, väsy västäräkki,",Ja syämes ku Jeesuksen syän.
663221,97210,0.15689291,"15 Keträvartta kiertessänsä,",Aita koatu kahen puolen.
789551,732092,0.8587537,tammet on keskitanterilla.,Tammen keskitanterille.
566832,655865,0.06855911,"Väsy, väsy, västäräkki,","Kuin käki kukahteloo,"
960024,1058893,0.34914857,riihimies mulle jyviä anto.,lintu minulle siivet.
1089450,1059479,0.36262038,"15 Akka mulle kakon leipoi,",Sauva mun tiellen vei.
982710,1348318,0.99999994,kalliolle kartanosi!,kalliolle kartanosi.
992709,1108367,0.7600001,"Minä kalat riihimiehelle,",Minä kakun riihimiähelle.
633876,970635,0.40032035,5 Mitä sen joen reunalla on?,15 Tie miun talloon soatto.
1141513,392912,0.097128585,Loppu ehtoni elämä.,Saisi minua .ja minun omiani vahiŋkoittaa!
1041162,1107625,0.6400001,"Kolme, neljä neittykäästä.","Kolme nuorta neitsykäistä,"
1002864,793237,0.66009843,"Miepä katala#5 kasvatan,#6",15 Kaatusi katalat kaiki
1116023,662833,0.30547994,"25 Joilla lentää liehuttelin,","Sillon laskit laulajahan,"
413927,406984,0.69637316,Kasit kaiki kalkkaloitti?,"15 Nuo ei kasva kasittkaita,"
1366850,1087759,0.9999999,"Väsy väsy, västäräkki,","Väsy, väsy, västäräkki,"
157632,1004008,0.75485134,"Tuuli tuli pohjosesta,","Tuuli tuuli 3:ielta,"
788855,789613,0.91287106,"Heimokset, heläjämään,","Heimokset, heläjämähe!"
1041201,1059407,0.41367012,Tiä minun kyllään vei.,Joki kylän alla on.
123386,97541,0.34513426,"Avoan šanaśen arkun,",Jos laulan#4† lapin sanoja.
868097,509831,0.30316955,"145 Oli elle einä aiga,",Ympärille yksinäisen.
1124807,1116268,0.21281412,vihki (c) vanha vierätteli,"Riihimiehet mulle jyvvie,"
816528,1288001,0.6781327,"Nuku, nuku, nurmen nukka,","Nuku, kun minä nukutan,"
1288012,1348192,0.9687304,"Väsy, västäräkki,","Väsy, väsy västäräkki,"
992834,1124154,0.8571428,"Minä kakun#1 kalamiehille,","minä kakun kalamiähelle,"
828710,671994,0.66683125,"Johon silmese sipua,","5 Johon silmänsä sivuu,"
476584,558832,0.700389,"La mie laulan aikanain,","La mie laulella alotan,"
887161,157555,0.3481553,"10 Oven suussa, orren alla,",25 Tämän polven aiguhisis.
1118824,1089584,0.5039527,"Pappi mulle paitaliinan,","Paa, paa, paapali lulla,"
1119054,655966,0.7363632,"Nuku, nuku, nurmilintu,","Nukuppa, nukuppa, nurminen lintu,"
1059518,1374291,0.523785,"Kalamies anto kaloi,",20 Minä kakun kalamiehelle
822328,982667,0.0717496,Väsy väsy västäräkki,"tyttäret tina siloissa,"
821845,559281,0.3442652,"70 Ei sula sulallakaan,",Suolat mie storosal.#6
123382,557296,0.17407764,Likoo lieska kiukova.,"Kihuoisi kielelleni,"
1108332,928035,0.76932174,"Ja lehto mullen sauan anto,","Lepikko mullen sauvan antoo,"
617610,97573,0.1530931,"Lauloakseni hyvie,",tenkan tietän käyvessäis.
958969,1089955,0.8518431,Minä kaakun kalamiehelle;,10 mää kakun kalamiehel
970768,1041203,0.76594174,Kirves joen keskellä on.,Mikäs sen järven keskellä on?
1318928,1326325,0.51068825,"5 Työntäkää veno vesillä,","silmä verta, toinen vettä,"
1089546,1090039,0.42743737,"Kuusikko mulle kepin antoi,","Possu minulle puolen kylkiänsä antoo,"
732119,992760,0.18844458,Rupesivat minua haukkuun.,"40 tuon tiesin syvintä sanuo."""
731694,559740,0.21997066,"Mie en virttä tiellä tehty,",on minulla oro itschellen'
1001468,1124449,0.4,Toinen taivasta jakasi.,"Yks kutoo kultakangasta,"
122828,557416,0.28005603,Vellekset vetelemmää!,"5 Ajatukses' alle vyösi,"
816568,828054,0.1790287,"Puremasta, loutamasta,",Kaalimaalle#2 kartanosi!
558819,1226930,0.40118864,"Voi kuin sain mä#1 vuorolleni,",Kuin on suonut suuri Luoja
822014,1124656,0.51355255,"10 Minä aijalle kapasin,",Mie vaan ai'alle kavahin.
399034,816500,0.08340576,"Väzy, väzy västäräkki;",Sauna-tietä juostessaas.
1089764,1087041,0.637022,"Minä lennin lepisthön,","Minä hyppäsin lepikhon,"
1299157,959763,0.60436726,"minä kalat jyvämiähel,","Minä kakun kalamiehelle,"
558804,662057,0.49391454,"Yhöksän meren ylite,",Muiten jos mukkoon menis.
1298435,1319252,0.17868541,Mintäi sie et herjä heitä,"Sauva minun tielle saattoi,"
662285,662533,0.9999999,"10 Lehto mulle sauvan anto,","Lehto mulle sauvan anto,"
1299209,120698,0.31524417,"25 Hän#3 kylen koiralle,","Lepikko mulle sauvan anto,"
1124213,1195588,0.9999999,Tyttäret taputtamasta.,Tyttäret taputtamasta.
593711,593302,0.780671,"5 Miepä pääsin päistärille,","5 Mie vaa pääsin päistäreil,"
958713,958666,0.8104431,"Jyvät minä sial annoo,",Jyvä minä sijal annoi
993048,120044,0.13336626,"Kuulu remu Riikolah,","päistärikkö sytty palamaan,"
1374371,1319112,0.2417469,"Pahaan voima vaipukoo,","5 Aita kaatui kahden puolen,"
17847,1124998,0.6803091,Minä kapsin kankahalle:,"Kainalošta kankahahe."""
215538,160286,0.21081853,15 Visko palvańi vitie,Veny kui vesi hako.
205194,476225,0.44320267,"Vaik laulan yheksän yötä,","[Tasalatvan] langettanut,"
982757,656063,0.7443874,"kalliollen kartanoś,",karkiallek kartanosi
655986,1002799,0.09863939,"Väsy, väsy västäräkki!","tiep_pellollep_pesäs,"
160218,117990,0.08703883,"Vät'šy, vät'šy, västärikki,","Ampujat alakätiset,"
401053,1125541,0.19920476,"Tappo isän, tappo äitin,","Tein työtä koko käen,"
663264,828556,0.41516826,"Ken katein kahteloo,","Minä kakkaran koiralle,"
97673,968764,0.11547005,25 lehtkerp eres#1.,Kolmen kolkutellessana.
816556,171489,0.7317274,"55 Laulan lammin lattialle,","Laulan#2 minä lapselleni,"
1116014,939123,0.24000001,Mikä kirveen lappeella? -,"Sillon sijvolla puhelit,"
602159,1089596,0.47067872,Minä sen oravan kissalle.,"15 Soav' on saunan porstuassa,"
97371,1108395,0.23204772,15 Kissi mulle kuuman ruikun.,"5 Omat on saam[ani] san[ani],"
1374830,992695,0.40219992,"Possu mulle liikkiös anto,",Kotka se minulle siipensä antoi
1058856,600956,0.16222142,"20 Poika soutel joessa,",5 Ei surkeillut surkeuttamme.
617495,982790,0.0717496,"väsy, väsy västäräkki,","tehhä'än leviä leikki,"
662961,1374720,0.7458698,15 Niillä lensin leikottelin,Joilla lensin lekettelin
392884,1287757,0.16208817,väsy pois ku mie väsytän!,"Vasta kuoli miun emoni,"
1089445,489404,0.4412488,"Varsin toinen vanhempain,","Minä hyppäsin aidan päälle,"
1040837,1046644,0.09863939,"väsy, väsy västäräkki.",Mikä sen neulannupin pääsä?
733137,17910,0.3273268,"Laul[ajalla puolizoksi].""","lasivuta#4, perävytä,"
500898,662000,0.24253567,15 Tie minut kylää#4 vei.,"Kun ei vennä ni verennä,"
1299040,1349133,0.1754116,"Tule, uni, uuninpäältä,","Tahtoipa minunki tappaa,"
1374654,992539,0.6068661,"Ämmä mulle kakun leipo,","Muija leipo kaakun,"
1059009,816433,0.09320547,"Väsy, väsy, västäräkki!#1","Minä hyppäsin aidan päälle,"
1041119,463454,0.5070926,"Taittu miulta atran aisa,",Kysy aitan ikkunalta:
15778,1059355,0.25286087,"keppi minun tielle toi,","H[opeita] huopin#11 t[äyven]."""
17863,1046584,0.07749843,"Väsy, väsy västäräkki,","80 Ei venon kulettajoa."""
471959,788697,0.093250476,"Heimokset, heläjämähä","Rastahaisna raksuttelin,"
816502,519369,0.20277679,Veikon lapset laulakohot!,"Souvan zoppilinnullani,"
592112,944700,0.08827348,Väsy väsy västräkki.,"Vaivu maalle valkialle,"
968767,663111,0.77696764,Emäntä mulle kaakun leipo.,Ämmä mulle kaku leippo.
1411471,265735,0.7134774,Mänin mie seppolaa,5 mill miä mänen seppolaa
127528,15782,0.29690784,60 On kullat#11 itselläniki.,"Etk' o[n] sillon s[uuri] o[llut],"
593830,1089919,0.80119264,Minä kaakun kalamiehelle;,"Mie koakun kalamiehel,"
816726,556457,0.31524417,"Enkä laattu laululoille,","15 T'uud'i lasta tuonelahan,"
959518,731677,0.33920023,"""Voi sinä vanha Väinämöinen,",Minä jyvät porssa suuhun.
662359,819388,0.88148254,"Lehto#3 minulle sauvan anto,","10 Lehto mulles_sauvan anto,"
619277,1366855,0.067115605,"Väsy, väsy, västäräkki;","panen virret palmikolle,"
655962,1366819,0.83405757,"Tee pesäs pellolle,","Tie pellollen pesäsi,"
17951,1003982,0.1628224,Piikat tuhni tunkiolla,"Virren lauloin, taitoin latvan,#80"
207858,1004008,0.19802953,"Tuuli tuli pohjosesta,","Kasvoin kuin butki puutavassen,"
1287938,1348326,0.84536386,"Tie pellolle pesäsi,","5 Tie siit pellole pesäisi,"
982658,1287769,0.93939406,"Nuku, nuku, nurmenlintu,","Nuku, nuku nurmilintu."
478310,1107659,0.14605935,Eikä riihtä riipoomahan,Otan vetro veikkosein.
1125676,1089673,0.6227991,Minä kylen koiralle;,"20 Minä puolen kylkeä papille,"
117986,1287980,0.857493,"Väsy, väsy, väistäräkki,","Väsy, kysy, väistärikki!"
97487,423285,0.48006514,Silloin vilkkaa#5 viitta päälle;,"Helsingin herroilla hyvillä,"
928345,1058849,0.5085476,"Yli meren mennäkseni,","Yltö merten, puolta kümmenettä,"
656038,1002902,0.90476185,Kalliollen kartanos.,"Kalliolle kartanosi,"
1288114,982656,0.070099965,"Väsy, väsy västäräkki.","Vaivu valkea kananen,"
15745,731094,0.8049845,Vagaa vanha Väinämöinen,"Oli vanha Väi[nämöini],"
1366602,816439,0.9158438,"Väsy, väsy, västäräkki,","Väsy, vähä västäräkki!"
1124224,982772,0.07352146,"väsy, väsy västäräkki!",Minä sen vaivasille.
731133,160179,0.22953904,"Jos liukko⌈o⌉n lylyn lumella,","Kobrin on ilmassa kovassa,"
1058953,264240,0.20044595,"(Kuli kuukku taivaasta?),",Siellä oli valkonen vasikka.
982906,1288113,0.8455201,"Nuku, nuku, nurmen nukka,","Nuku, nuku nurmilintu"
1374363,982646,0.08858079,Väsy väsy västäräkki.,"Siell' oli hanhet hattu päässä,"
1125104,887016,0.40166324,"Kylän on kantelut käsillen(i?),","Siellä näin ämmän leipovan,"
1260725,1374708,0.370328,"Tulin pitkin Turun tietä,",Rievuin kuusin kuivaeli.
120749,593814,0.8303364,5 Seitsemä settäi lasta.,"Seitsemen setäni lasta,"
1089363,1195568,0.833238,"Tappo isän, tappo äitin,","Tappoo isän, tappoo äireen,"
671804,1348250,0.087537624,"Väsy, västäräkki,",5 Sen silmät verta vuotakoon!
1389284,992707,0.3779645,Minä ämmän lampaat katton.,"Pillu katto kannon päästä,"
593350,992746,0.29649973,yli meren lentääkseni,"Pääsen kuumalle kivelle,"
1243072,383031,0.09128709,"Pitäkää työ yötä 3,","Suusta kun sulan kynästä,"
1003887,17899,0.0625,"Per[uvozi lauzuvoši]!""",Isän ja äi'in luo.
959324,1240109,0.3054799,"Mie kokosin koprahein,",kotka lintu minul siipes annoi
970814,655888,0.12562972,"Nuku, nuku, nurmilintu,",Joka kuukausi karitsan kantaa.
1125229,662507,0.8573214,"Sivuseinät sirkun luista,","Sivuseinä sirkan luista,"
1124289,1374630,0.58489764,Ja anto mulle kaakun. ,"Emäntä mulle kakun leipoi,"
712476,712568,0.62300205,Helka helmet peärmelööpi.,Helma[!] helmat helmustoa.
593385,120753,0.71608937,"Minä pääsin päistärihin,","Mie piäsin päistärikköö,"
1002909,117979,0.8548746,"Väsy, kysy, väistäräkki,","Väsy, väsy västäräkki,"
1090073,1059312,0.5143445,"5 Minä menin lepistöön,","Ovi seinä orhin luista,"
828039,662456,0.44905025,"Minä kakkaran kalamiehellen,","Ken katen kahtonon,"
1124356,602681,0.5520525,"Ken katteen katsonno[o],",Aita kaatu kahen puolen.
1202977,1059642,0.66679496,"Minä kyljen koiran suuhun,",40 Minäpä kylen koiraselle;
1366803,1288156,1.0000001,"Nuku, nuku, nurmilintu,","Nuku, nuku, nurmilintu,"
1124095,1195580,0.7749168,"Aita kaatu kahtapuolta,",5 Aita kaatu kahenpuolen.
1005849,21520,0.4264014,*Sano v[anha] V[äinämöinen]:*,"Vaimon valskin vannomisia,"
822518,662332,0.8642416,"Sauva minut tielle suatto,","sauva minut tiellen saatto,"
72567,970742,0.54626775,"joka viikko villan antaa,","Viišaima Vipusen vanhan."""
1119038,714018,0.55068874,"Koivun oksalle kotis',",Kouvun oksa oikasee.
1107845,816449,0.9687304,"Väsy, västäräkki,","Väsy väsy, västäräkki;"
207866,1040740,0.30550504,"Yks kuto kultakangast,","40 Kajukka, koti-kanani;"
97727,1353825,0.46188027,"koiran kielen pitukainen,","Sulo[suińen äit'in poika],#15"
1041144,1125290,0.3086975,"Mie sen puolen kylykiä koerale,",Mikä sormuksen sisässä?
793214,559467,0.62554324,"Laulun loatikon alotan,","Alottelen laululoita,"
1374477,926134,0.44294038,"Ken katehin katsonoo,","Paistinkakun annoin kalamiehelle,"
1125198,1125359,0.9999999,Venäläinen verikoira,"Venäläinen, verikoira,"
716353,992767,0.7731113,"Kalamiäs mulle kaloja anto,",Kalamies minulle kalansa antoi.
663261,1089467,0.2667325,"Mahtikaali keitettihin,","Tie minulle kakkara,"
663203,1125081,0.9265617,5 Aita kaatu kahen puolen.,Aita kuatu kahen puolen.
455713,636573,0.5640761,"reen rautasell rakennan,","Ranta kasvo rautiaisen,"
1288212,982772,0.8389449,"väsy, väsy västäräkki!","Väsy, pieni västäräkki,"
406813,1090006,0.8970853,"Minä kakun kalamiehelle,","Mie kaakun kalamiehelle,"
992947,1108409,0.7315634,"Minä jyvät possun suuhun,","Mie jyvät posson suuh,"
671957,828114,0.8954431,"Kuiva kuusi kasvakoon,",Kuiva kus#2 kasvakon
593541,993145,0.7548513,Kalamiehet kaloja antoi,"15 Kalamiehet miull' kaloi,"
1002845,1348295,1.0000001,"Nuku, nuku, nurmilintu,","Nuku nuku nurmilintu,"
958826,265473,0.3069703,Tiellä kuollut ja märännyt.,Siälläpä mä ihmei näi
959020,1348188,0.08585457,"väsy, väsy, västäräkki!",ämmä mulle leivän leipoi
1058542,1089474,0.6692464,"Akka mullen kakun leipoi,","Ämmä minulle kakon leipoi,"
788860,1389286,0.41931394,- Tule kulta kurckuhini!,Omenassa kuldapyörö.
17803,139629,0.5367451,Laulupoajilla panemma,"20 Panen parmahaiźillańi,"
1374543,1298480,0.6405126,"Tie miun taloon saattoi,","Sauva minun tielle saatto,"
560465,655981,0.0833655,"Väsy, väsy, västäräkki,","Vieläk laulan, vain on kyllä,"
783972,1116179,0.45790547,Katovalla kannikkalla.,Laitto Laatokan merelle;
1374722,500922,0.6435959,"Meren yheksä yliten,",Yli kymmenen meren. 
662825,122908,0.3849002,Veren ja märän keralla!,"Kiven silmän kokkoinen,"
714109,1348284,1.0000001,"Nuku, nuku, nurmilintu,","Nuku, nuku, nurmilintu,"
507025,732145,0.47286627,"kolmas on kovin vigevä!""","Kiv' on kova korvan alla,"
662538,1003963,0.4642071,Minä kalat Riihimiehille -,"15 Minä sanoin: Tieppä miullennii kakkara,"
656070,655909,0.82992756,"Nuku, nuku, nurmilintu,","Nukun_nukun_nurmilintu,"
1141548,410994,0.6,"K[arassyörit] k[aupungi]sta,",5 Katareenin kaupungissa!
1089814,819566,0.2108185,40 heliät helmet kaulass[a],"Kalamiäs mulle kaloja antoo,"
293530,1108359,0.28022426,Minä menin Muurilasta,Sepoin koiju silmilleen;
17806,482035,0.6934761,"Las mie laulan, las alotan,","*[Kuta] laulanen lajie*,"
1319305,1374621,0.32991442,"Maidon annoin kissalle,","Ken lie kattein kahtont,"
1298455,828618,0.5635759,"Ota tallista hevonen,","Pois lähen talosta tästä,"
121261,97647,0.7606087,"Mitäpä lajie laulan,","Sitä laulaja latoopi,"
1125115,656023,0.07312725,"Väsy, väsy, väistäräkki,","Sivuseinä sirkanluista,"
417697,662280,0.8206652,"Minä pääsin#1 pästäriin,","Mie pääsin päästyrine,"
788383,828455,0.19462474,"5 Ja silemät verta vuotakoot,",Piiat pilkan vestän̄öö:
1118976,1118970,1.0000001,"Nuku, nuku, nurmilintu,","Nuku, (nuku, nurmilintu),"
822161,1124593,0.7590722,"Tappo isän, tappo äidin,","tappoi izän, tappoi äidin,"
1089427,1374370,0.84536386,"Minä pääsin aidan päälle,","Minä hyppäsin aidam_päällen,"
1121276,816558,0.2866184,"minä laulan lasten virttä,",Vitsan varpu virvoittaapi.
959288,804577,0.09534626,"Heimokset, heläjämähä,",minä ämmä lamppa katoi
97849,671860,0.28721347,Älköön kateeks' kassoko!,Issumma tässä illan kaiken
959402,1089572,0.80257213,"Emäntä mulle kaakun leipoo,",Emmä mulle kaku leipos
788689,789464,0.9758999,"Heimokset, heläjämähä,","heimokset, heläjämähän."
959180,1059083,0.22792114,"Peestinpä minäki päistäriäjähä,",minä ämmä lampa katoi
497184,1089374,0.52393687,"Akka se mullen kakun leipoo,",Ämmä miull' leipä-kaakun;
716390,224696,0.50636965,15 Lua'in mie kaлakkuo#3;,"5 Mie mainissin rieskasta,"
1125742,1374463,0.9191449,"Tappoi isän, tappoi äidin,","tappoi̯ isän, tappoi̯ äi̯tin,"
939255,1299157,0.5091751,"Minä kakun kalamiehelle,",Mikä siellä kaukana näkyy?
1089540,1298436,0.6133956,"Tie minun talohon saattoi,",5 Tie minut taloohin vei.
958786,958712,0.8399212,Jyvämies mul jyvii annoi,"Riihmies mull' jyvi anno,"
593759,1124825,0.65131164,Venäläinen verikoira,"Venäläinen, vainolainen"
1319146,1125081,0.60714287,5 Aita kaatu kahen puolen.,"Ken katteen#1 kahtonuoo,"
1298424,1125302,0.598785,"Tappoi isän, tappoi äitin,","5 Tappoi viisi veljeäni,"
1058825,663010,0.32338086,Ja pappi anto' mulle liinapaidan.,"Päätäni panettaan,"
329926,656081,0.16366342,Uni ulkoa kysyypi:,"Kylän miehet miun isoni,"
959193,1370851,0.27116308,"Tuata itken jäänö rukka,",15 härjä hakkasi puita
787461,1288084,0.3198011,"Las' mie laulan lapsen virren,","joga(ba) ok[s]allan#8 omena,"
1366871,982868,0.9999999,"väsy, väsy, västäräkki,","Väsy, väsy, västäräkki,"
1004245,1058809,0.80119264,"10 Kalamies mulle kaloja anto,",Kalamiehet mulle kaloja.
1004248,1299161,0.7372097,"Minä jyvät kossolle,",Minä jyvät kosson suuhun.
1383348,1125478,0.410305,Leski leipoi minulle kakun.,[minun] lasna ollesani ...
716444,1366620,0.07543143,"Väsy, väsy, västäräkki,",Venäläisev_verikoira
959660,1124940,0.8006407,"minä kakuŋ_kalamiɛhille,","Minä kakun kalamiehel',"
15826,733063,0.74535596,Tuopa vanha Väinämöinen,Niin on v[anha] V[äinämöine]
207904,509711,0.1470871,"25 Ilotseb imetettyni.""","Päiviän mänetellessän,"
1299071,992866,0.6010407,"minä kalat riihimiehelle,","Kalamiehet miullen kalloi,"
593511,649386,0.21483447,"Lihan toisehen liha'an,",Kirposin kivosen peälle.
1119021,982925,1.0000001,"Nuku nuku nurmilintu,","Nuku, nuku, nurmilintu,"
714026,714049,0.9271049,"Koivuoksalle kotisi,",Koivunoksalle kotisi!
1089548,1089674,0.9104462,"Koira mulle oravan haukku,","Koira minulle oravan haukkuu,"
982671,982782,1.0000001,"Nuku nuku nurmilintu,","Nuku, nuku nurmilintu,"
827999,181202,0.62493235,"Karsta katehen silmä,","10 Kasvo katehen kovan etehen,"
171489,98523,0.7108185,"En#1 oo laulajan lajia,","55 Laulan lammin lattialle,"
662167,887030,0.24152294,"Habukkani on halgi meresi,","Minä kakkaran kalamiehille,"
1348237,939062,0.4082483,Mikä neulasen peräsä?,Pientä peittehen sisässä?
816502,1370848,0.5505977,Kolmen linnan kuuluvilla. ,"Souvan zoppilinnullani,"
732213,1059249,0.32357514,"Menin minä lepistöön,","""Elä vain itke, poikioinen!"
556117,1313767,0.08891084,Hovi herra herjasoo:,"Potra poukkureisullein,"
992456,1299225,0.88949925,"Koira minulle oravan haukku,","Koira mulle oravan haukui,"
180585,992574,0.327805,10 Minä liikkiön koiralle.,"Paimen koatu kallivolta,"
662295,1004236,0.16357216,"kuusi kummini tytärtä,","Minä kalat riihmiehille,"
663074,1089938,0.7100469,"Tappo isän, tappo äitin,","tappo suven, tappo karhun,"
1313839,655932,0.13699916,"Väsy, väsy, västäräkki,","Ain on vallan vastuksinna,#30"
662950,1124839,0.7487049,"Minä kakun kalamiehille,","Minä kalat riihmiehille,"
453770,1299151,0.8882349,"Tapasin emännän leipomasta,","Tapasin ämmän leipomasta,"
1058892,593541,0.53886026,"15 Kalamiehet miull' kaloi,","Minä kalan riihimiehelle,"
992533,959669,0.63368535,"Kotkalintu mull siipes' laino,","Toukolintu mulle siipees anto,"
1298907,418410,0.92073673,"Tie minun talohon saattoi,","20 Tie m[iun] taloh[on] s[aatto],"
822331,928317,0.335578,"Meri puolen kymmenettä,","Venäläinen, vainolainen,"
238059,120252,0.5163978,20 Aitta on tammen latva puussa.,"Toinen taivasta tavotti."""
15773,97689,0.19518,Parahia pannaksemma.,"Pyörrä pois p[yhät] sanasi,"
1046646,1366486,0.80603224,"Väsy, väsy, västäräkki!","väsy ennen västäräkki,"
1298985,559463,0.26726127,Ja virren työlle työntelein!,"10 Lehto miulle sauan anto,"
944545,662851,0.2224746,Riihimies minulle jyväsä anto.,Nuku nuku nurmilintu
789589,72376,0.8176316,"Joko mie laulan laiha poika,","Niin ma laulan laiha poika,"
662084,1059592,0.8174239,Löysin ämmän leipomasta,"15Tapasin emännän leipomasta,"
993091,662644,0.739574,Kosso mullen puolen kylökijään.,"25 Kosso puolen kylkeänsä,"
982821,819429,0.50051725,"Mie kylen koiralle,","Koivun oksalle kotoses',"
982754,944714,0.82992756,"Nuku, nuku nurmilintu",Nukun nukun nurmilintu
293135,789568,0.651339,"laijiini laulajoa,",Laellain laulukirja;
822205,1089788,0.70601815,"Sauva minut tielle johti,","15 Sauvva minun tielle saatto,"
1348224,714111,0.8807048,"Tiep_pellollem_pesäsi,","Tie pellolle pesäsi,"
828341,523661,0.44589636,"Mänin uusille tuville,","Hiien silki silmillensä,"
1002799,655876,0.9999999,"Väsy, väsy, västäräkki,","Väsy, väsy västäräkki!"
822427,1116226,0.31118792,"Olisko mulla kuulia,","Laaji mulle kakkarainen,"
490601,714139,0.6770671,"Väsy, kun minä väsytän!","Väsy, väsy, västäräkki,"
958946,417607,0.4564354,Nennä koukkuis kottiin.,10 minä liikjön kotkal anno
662178,958654,0.6127634,"yli meren mennäkseni,",Yheksän meren ylite.
1046622,662714,0.5171145,"20 Minä anno'n kakkaran kalamiehelle,","Kirkon kellon kammioon,"
646285,982751,0.06855911,Väsy väsy västäräkki.,20 Kolme nuorta neitzükäistä:
959921,139653,0.48001537,45 Kamaloipi kaikki kansa.,"isou̯_u̯asikau̯_u̯et̄ä kan̄o,"
601017,1058375,0.46487907,Kullalla koristamaan.,Vallattoman vaipan alla.
787417,120106,0.6454972,"Mie lennin lepikköh,",Rinnotellen leikin lyyä.
1287924,982918,0.9035252,"Tehe pellolle pesäsi,","5 Te'e pesäsi pellolle,"
828524,1089386,0.31311217,"25 Akkani mullen parsimapaidan teki,","30 Huoran hurman vaattehista,"
1298650,819383,0.5933661,"Aita kaatu kalliolle,","10 aita kaatui miu alane,"
1348282,1004222,0.4281744,20 kalamiehet minulle kaloja.,kalliolle kartanoisi!
97183,560529,0.6839856,"Millä lailla mie nyt laulan,",Mindäh em mie nyd laula#2
1089337,822532,0.6388767,"30 Emä[n]tä#2 leipo mullen kakaraisen,[!]","10 Akka mulle kakon leipoo,"
15788,828148,0.13764943,Verihursti hurmaa,"N[iitystä] n[isulihoista],"
1124422,1004197,0.4349589,Kaheksan kankaan välitse.,Aita kaatu kahen puolen;
968725,1003894,0.48795006,"Minä aialle kapsahin,","minä kala, riihmiehell,"
822293,1089916,0.6503325,"Sauva mun tielle vei,","sauva minut tielle saatti,"
1107867,1287958,1.0000001,"Nuku, nuku, nurmilintu,","Nuku nuku, nurmilintu,"
982766,1366415,0.9999999,"Väsy, väsy, västäräkki,","väsy, väsy, västäräkki,"
868183,731666,0.24565186,"60 luuot on kokohe luotu.""","Otti tuliluuan vaskipan̄an,"
655942,1059626,0.36980015,"15 Koira mulle oravan haukku,",5 Hangelle havumajasi!
265260,602146,0.75424737,Vellokset vetelemään.,Vetelykset vieremää!
1374261,928261,0.7647748,"Minä kaakun kalamiehelle,","Kakun annon kalamiehell',"
716445,1089686,0.8081376,"Isän tappo, äidin tappo,","Tappo isä, tappo äiji,"
1002716,476228,0.3535534,Hyva on kotonna olla.,"Tuvassa on tuvan tekijä,"
1107591,1046567,0.09863939,"Väsy, väsy, västäräkki!",Mikäs sielä tuvas? - Kamari.
412470,1366592,0.07543143,"Väsy, väsy, västäräkki!",Veistäni rakentama[a]n.
1087039,970737,0.079180755,"Älä itke, älä itke.","5 Minä hyppäsin airallen,"
1059312,1108399,0.73720974,"Minä lensin lepikköhön,","5 Minä menin lepistöön,"
123422,120043,0.18257418,"Mie lyöä putskuttelin,","Nännillä nisuttomalla,"
1125230,982719,0.40128618,5 kalliolle kartanoises.,"Karsinaseinä karhunluista,"
1288138,662244,0.43825045,Kalamiehet minulle kaloja.,"kalliolle kartanosi,"
1107880,210246,0.5047146,"Mie prokolle selkäh,","Tee pellolle pesäs,"
992459,958719,0.92847663,Yli meren mennäkseni,"Yli meren mennäksein,"
1125062,1374856,0.80603224,"Koira mul kauniin oravan haukkus,","Koira mulle oravan haukku,"
453763,593712,0.8954431,Päistäreet tulel syttyit;,"Päistäret tulelle syttyit,"
169977,655952,0.08585457,"Väsy, väsy, västäräkki,","Vie tuonne, [kunne] käsen:"
944675,1004231,0.2116669,"Yhdeksän meren ylitse,",Riihen taakse riihesi j.n.e.
1058677,828019,0.62609905,"Rasvat rapattakkah,","Ikkunat raudasta rakettu,"
980130,594127,0.40000004,"Yks kuttoo silkkii,",Toinen kuto kultavyätä
387639,387648,0.536745,"Mie koiria kokalla,",Kova kokkaleukasein
1089481,72426,0.35954627,"Kuin oli kauan kankahassa,",Minä kyljen koiran suuhun;
816486,1288006,0.8917927,"Väsy, väsy, väistäräkki,","Väzy, väzy, västäräkki!"
1059604,993107,0.78072,"5 Minä pääsin ailalle,","5 Minä hyppäsin airalle,"
169928,861624,0.26111647,"Joho silmänsä sivuu,","15 Puukko pilv[estä] putosi,"
1326349,1298584,0.31494486,"Tytt[ären] taputt[elemasta],","Syömästä kaluum[asta],"
662543,1059068,0.71080583,"Kakon minä kalamiehille,","20 Minä kalat riih'miehile,"
1348210,1046561,0.8455201,"Nuku, nuku, nurmilintu,","Nuku, nuku, nurmen nukka,"
1288219,982730,0.9999999,"väsy, väsy västäräkki,","Väsy, väsy, västäräkki,"
662256,1241404,0.5169843,"30 Melnitsat meren selälle,","Kolmenkymmenen punasen meren ylitse,"
1238740,1366821,0.59222007,"5 A a, allikkaa,",5 Tulluaa allallie
1040776,1087818,0.079745226,"Väsyv väsyv, västäräkki!","""Itken nuarta veljeäni"
1124560,804639,0.3321819,Suan minä mugoman tuaton,Seppä tako jungin mulle;
993203,1087002,0.8665784,"5 Minä hyppäsin aidan päällen,","Minä hyppäsin pinon päälle,"
787674,1299007,0.30792016,"Sivuseinä on siltaluista,",5 Sata seitsemän sanoa.
663294,828892,0.31622776,"Pirun vallan valkehesen,","20 Koivun lehen korkuinen,"
1287890,117991,0.7041869,"5 Luat'iu pellolla pesäsen,","5 Tiep o#2 pellolle pesäsi,"
656005,1202940,0.6557892,Kaheksalle kakkaralle;,"kalli(i̯)olle kartanoes,"
1002821,1349137,1.0000001,"5 Nuku, nuku, nurmilintu,","Nuku, nuku nurmilintu,"
229928,828225,0.46637234,"Tuonne helvetin tulen,","15 Sen on tehnyt Tuonen seppä,"
1119008,1041159,0.600982,Västäräkki väärä sääri,"Väsy, väsy, västäräkki!"
959851,1366771,0.0717496,"Väsy, väsy, västäräkki!",vasika vett kannova
98399,1389271,0.43346074,"Tästäpä pojat polvillehen,","En tiiä poloni poika,"
662492,1114962,0.9097177,"Kalamies mulle kaloja,",Kalamies mulle kaloja anto.
662874,1089453,0.46697384,"Akka mullen kakon leipoi,",Koivun lehen paksuinen!
558818,72542,0.56698173,"150 Sen surman sillä vajellan.""","Suuren Luojan suomisella,"
97451,556273,0.7074523,La mie laulan tuolla lailla!,"Mitä mie lajie laulan,"
1002854,1004185,0.41695386,"Porsas mulle kylen antoi,",5 Linnas latele lehoille
656007,1366764,0.82992756,"Nuku, nuku, nurmilintu,","Nukun_nukun_nurmilintu,"
1348254,1118982,0.7503664,"Nuku, nuku, nurmilintu,","Nurmilintu nuuka lintu,"
980921,646239,0.2222771,Kultu helmen reikäsessä.,"Lentisin mä yli meren,"
1374276,1298449,0.3916747,"30 Kokko mulle siipiänsä,","10 Lintu mulle siivet anto,"
1046620,171437,0.16116461,"Someresta sormikkahat,",5 Tuvan taka tupakki maasi.
619296,157316,0.4107919,Kivet laikku lainehilla,40 siit laulan 9 yötä
1298468,1124527,0.82295126,"Tappo viisi veljeäni,#1","Tappoi viisi veljeäin,"
816564,982799,0.9999999,"Väsy, väsy västäräkki,","Väsy, väsy, västäräkki!#1"
1059612,481337,0.36514834,"30 Veikko tul vesiltä pois,","Verikoira venäläine,"
970805,1298487,0.3565121,"Mie kaakun kalamiehil,","Katti tuli, kaappas kaikki."
446093,497698,0.3706247,"15 Ei käsi kätteehen tartu,","Kultoi käypi Kuus'-ojassa,"
593469,828451,0.25793034,"Ken kattein kahtokoon,","Ven[äläinen], vain[olainen]#1,"
1059469,661886,0.61545753,"Minä hyppäisin lehtoon,",5 Minä hyppäsin ailam päälle
368546,1058681,0.6109599,"minä kepin tiältä löysin,",Silmin kieroin kepsinöön:
556084,453773,0.3279129,"Mie kuakun kalamiehelle,","50 Pahan mielen, paksut huulet,"
1226648,1124518,0.6000001,"Minä paijan vaivasille,",5 vainon vaivoilla sijoilla.
656065,1002896,0.7244617,"5 Korpeen kotisi,","kiven kollōn kotisi,"
207894,1125365,0.3023716,"Minä hyppäsin aidan päälle,",Ollotta minun armuostani.
662573,1059334,0.6681532,Kymmenen meren ylitse.,"Yheksän meren ylite,"
959611,1089724,0.8260868,10 Minä jyvät posson suuhun;,"minä jyvät porsaan suuhun,"
731247,731135,1.0000001,Kynsin kylmässä kivessä!,Kynsin kylmässä kivessä!
1202952,1221879,0.7398301,Piika etsi pirtapuita.,15 Piika essi pillipuita.
1124613,968742,0.56613845,"minä kakun kalamiehel,","Minä kalat riihimiehille,"
968740,1199123,0.27300942,"Minä laulan kontiolle,","Lii loo lokkolakki,"
593718,1124285,0.82495785,"Sauva minut tielle saattoi,","Sauva miun tiele saatto,"
985849,1108344,0.9139079,"Kotka mullen siivet antoo,","15 Kotka mulle siivet anto,"
661981,120118,0.32635695,"M[ie] k[ivyön] mereh,",10 Kalamiehet mulle kaloja.
1159150,205154,0.6145098,"Enbös jouva viinan juomingise,","Vaan juo nyt viinana vihasi,"
714092,655984,0.82992756,"Nukun_nukun_nurmilintu,","Nuku, nuku, nurmilintu,"
698931,1124945,0.9622503,"koira mulle ˀ_ˀ[[#1]] oravan̬ haukku,",Koira mulle oravan haukkuu.
959741,379392,0.20016019,"Kuin viimis pyhä pyörähteli,",Ämmä minulle kakun leipoi.
1288231,1348222,0.54623103,"Nuku nurmelle hyvälle,","Nuku, nuku, nurmilintu,"
1059269,992799,0.2079726,Hopeaista tietä myören,"Kirveellä siellä keitettiin,"
789604,558808,0.15171653,"Epistolat estellööt,","Heimokset, helisemmää,"
787672,822150,0.40201515,Pajun lehen paksunaine!,Poikin puolin polvillehen;
97546,97180,0.62805605,"Laulavad Lapilla lapset,","Mitämäš#5 latuo#6 laulan,"
828643,224684,0.062994085,Lähtöv tyttö et̮t̮imäh.,Ajatukset vyönsä alle.
1017569,1313711,0.44,"20 Kuus vuotta ol' kunnialla,","5 Kuiva kuusi, rauta oksa,"
1108461,1125677,0.8164964,Pappi mulle paijan antoi.,"Pappi mulle paitaliinan antoo,"
602634,828661,0.9622503,"Silmät verta vuotakoon,",Silmät verta vuotakoot
1124703,1089946,0.55470026,"10 Minä kuusesta mäntyyn,",Minä kuusehen kuhahin:
633896,992844,0.6483527,"yli meren mennäkseni,",35 Yli merem männäkseine
1299071,1089477,0.6010407,Minä kalat riihimiehelle;,"Kalamiehet miullen kalloi,"
1385272,1384047,0.51189077,"[aita kaatu kahta puolta,]",Ej katehen kahtomista ...
1124590,1287947,0.17056058,tua taakse tunkiolle!,"10 Yheksäksi yliseksi,"
1087769,656028,0.8633223,"Nuku, nuku, nurmilintu,","Nuku nuku, nurmikuuku,"
662725,1243061,0.46381682,"Annas mie lauluille lassein,",Joilla minä lentee luakottelin
1041010,1058490,0.4642071,"Annoin köpin vanhalle muarille,","Myin sen siellä ryssänkuoharille,"
958654,1059460,1.0000002,"Yli meren mennäkseni,","yli meren mennäkseni,"
97973,731212,0.26352313,Langonvirttä laulamahe!,"Käytyönä kahtoalla,"
828540,827998,0.17817415,"Kuiva kuus, rauta oksa",Keitä keuhkoja mahassa
982730,1107874,0.9999999,"Väsy väsy, västäräkki,","väsy, väsy västäräkki,"
1374438,593387,0.40852976,"Mie astuin aijan peälle,","Kaakun annoin kalamiähelle,"
662560,822150,0.32025632,Pajun lehen paksunaine!,Minä löysin emännä(n) ja tyttäre(n) leipomasta.
1108335,716467,0.70000005,"Löysin emännä leipomasta,","10 Löysin akan leipomasta,"
97866,1119016,0.07749843,"Väsy, väsy, västäräkki!",Helietä heijakkoa.
1003924,663242,0.6667694,"Minä kostin kokolle,","25 Minä suurkiitoksen kokolle,"
394627,559271,0.6003653,60 Vieläk' laulan? Viel' o miull'!,"La mie laulan lankapaula,"
207893,982891,0.09869276,Petäjäisem_peŋkim_päähän.,"Jo on kai[kki] levitetty minun kansoista,"
716473,662338,0.8573214,15 Kalamies mulle kaloja.,Kalamiehet mulleŋ_kaloja.
1298940,417697,0.70186245,"Mie pääsin päästyrine,","5 Pääsinpä mie päistärille,"
959347,633765,0.37267798,meiän lintunen leppää;,Lehmä leiposi leippi
1004013,1058930,0.09901475,"45 ja perse hoki: hori, hori, hori.","Pappi mulle messupaian,"
374212,1141459,0.5070926,Pahan vallan valkijaan.,Lampahan la'in lukija.
1086972,1059304,0.7164978,30 kirveellä siellä keitettiin;,Mikä siellä kivellä on?
387652,619269,0.52000004,näin pätösin kelpajaisi?,"15 Mie pääsin päistärelle,"
662569,662882,0.7010682,Koira haukkui oravia.,10 Koirapa mulle orava(n) haukku.
1059546,1124976,0.8467803,"Minä kalat riihimiehille,","Minä kalat riihi miehell',"
1059289,1089649,0.5636215,"Minä kaakun possulle,","15 minä kakon kalamiehelle,"
497176,160211,0.15511334,Miehisessä joukiossa.,"Miä mänin kuumille kiville,"
1124949,1058375,0.4259217,Kullalla koristamaan.,"vaivaset mullek_kosti jumalan̬,"
1087823,1366773,0.77831185,"Teki pellolle pesänsä,","Teepä pellolle pesäsi,"
663281,602530,0.53452253,"Ken vielä katjen katjannoo,",Aita kaatu kahen puolen.
1087064,1288185,0.07624929,"Väsy, väsy, västäräkk',",Minä kysyyn: mitä siälä torpas tehthin?
602446,1202981,0.40059635,Kaheksan kaupunnin lävite,"Ken katteen katsonoo,"
1124138,1003934,0.45355734,tahtoi minunkin tappaa,"Sauvapa minun tielle saatto,"
959724,1313826,0.2226809,"135 Ei rakasta rattiloi,",hiiri hyppäs musta lakki pääs
1124963,993078,0.99999994,"Seitsemäksi seipähäksi,","10 Seitsemäksi seipähäksi,"
662923,928337,0.7142857,"koakun minä koiralle,","Minä läskin koiralle,"
602453,714035,0.0949158,"Väsy, väsy, västäräkki,",Kuin ei muuta niin vettä.
992951,1299196,0.6206897,25 - Missäs lensit lepsuttelit?,Joilla lensin lepsuttelin
662331,593416,0.6735752,"10 Metsä miull' sauvan anto,","Mer' mulle sauva anto,"
646142,1238573,0.37370467,"5 Selitellä selvällehen,",Hyppäsi aitan kynnykselle.
97591,560642,0.5060243,"Mikä kumma kulkullain,","Ulkoa runoja kuulin,"
1288294,1366498,0.88888913,"Hangelle havumajasi,",Hangella havumajasi.
1124998,992834,0.6900656,"minä kakun kalamiähelle,",Minä kapsin kankahalle:
453759,1108490,0.7700535,"Tappo isän, tappo äitin,","Tappo issoin, tappo emmoin,"
1040821,1288131,0.09672388,"väsy, väsy, västäräkki,","Parta päivän palmikoisa,"
596085,1114954,0.3535534,"Mehtä mulle sauvan anto,",Kerran kirjan kauppialle.
1366869,712480,0.22537446,Kysyi: kuka aitassa?,Kalliolle kartanosi!
1348239,1059596,0.3385016,10 läksin siitä toiseen taloon.,"Pienen lapsen peittehisse,"
1124671,497186,0.6316762,Kalamies kalloi miulle;,25 Minä kakun kalamiehelle;
1124935,982766,0.079745226,"väsy, väsy, västäräkki,",sauva minun̬ tiɛllev_vei
1089484,662605,0.7065618,"Kokko mulle anto' puol' siipijä(n)sä, sulokija(n)sa,","Kokkolintu mullen sulkiansa, siipiänsä,"
1366378,1287877,1.0000001,"Nuku, nuku, nurmilintu,#1","Nuku, nuku, nurmilintu,"
120091,1374844,0.5830953,"Metäst minä köpin tein,",Heinän vetäjä miule heinäsii;
1089328,471893,0.30455476,"Lapos mie laulella alotan,","Minä Mikoo suomalaanen,"
1108573,671782,0.088823125,"10 Hyhmänä hypeilköön,","Kukkulintu mullen siipensä antoo,"
1087818,1046626,0.8918918,"Väsy, väsy västäräkki.","Väsyv väsyv, västäräkki!"
593458,1195636,0.72727275,"Riihimiehet mulle jyviä,","Riihenpuijat mulle jyviä,"
663148,157547,0.34782606,"Sitä korvat kuunt[eloopi],","Minä kinkun koiralle,"
1090094,1059434,0.25661966,Sain minä itte mailon maalle.,"15 Yli meren mennäksehen,"
787771,1116280,0.7080882,"Panemma käen kätehen,","nijn pannan käsi kätehen,"
663256,368544,0.2085144,Haon alta haltijasi!,Talossa olj emännät
617618,1125666,0.33596843,"10 Tie minun taloon vei,","15 kutas miitän, kun sanelen?"
1124330,968780,0.6668312,"minä jyvä porssa suuhu,","Minä jyvät kosson suuhun,"
1221842,646123,0.7592566,"Hyppäsi aitaŋ_kynnyksele,","hyppäis aitan kynnykselle,"
1374430,714961,0.12187875,"Kiss' kiss', kiss' kiss', kippurahäntä,","Pöytä pöydällä kuvattu,"
1202955,1348085,0.18430243,"nuku poisi, nurmellintu,","Nousin suuren kiven päälle,"
179728,97862,0.57091355,"Mitä siitä mie lajia laulan,","Miepä laulan lastenvirren,"
1319420,556334,0.5516773,"Silkkiin sirottelisin,","Kierosilmin keksinnynä,"
959861,1348221,0.40175372,vaivu maalle valkijalle!,musti villoi valkkiaks vahettama
663240,1124162,0.8913376,"Minä messupaijan vaivasille,","Minä paijan vaivasille,"
733147,828224,0.1581139,Rasvana rapattakon,"Lasivutti, perävytti,"
1348357,1349138,0.9999999,"väsy, väsy, västäräkki!","väsy, väsy, västäräkki,"
1059148,1124975,0.7063065,Kalamiehet mulle kaloja;,"kalamies mulla kaloja antaa,"
602562,1002758,0.48418206,"Karvas kolossa,","Veskarvat kasvamaan,"
1059411,959403,0.8365017,Minä kakun kalamiehell,Minä kakon kalamiähelle
227205,476668,0.3202563,Mie syväntä synnyttelin;,"20 Hyppäis sieltä suuri neito,"
1412704,1046542,0.38729835,knoppaa lapsen silmäin päälle.,papin pantu [unohetaa].
557415,789385,0.73969334,"Läkkä, lanko, laulamahan,","Käyvää, langot, laulamaa,"
1089613,1058545,0.8497059,"Minä kalat riihiväelle,",Minä kalat riihimiehelle;
1242385,97979,0.70352656,"Mitä sie laia laulat,","Ku mie laitain laulamaha,"
1124056,655995,0.08108108,"Väsy, väsy, västäräkki,","Sinne tänne tännäkseen,"
1298498,1108574,0.79681885,"Yli meren mennäksensä,",Yli meren männäksein.
1087755,655920,0.9999999,"Väsy, väsy, västäräkki,","Väsy väsy, västäräkki,"
169938,500878,0.61811507,"Millä syöstä syöjäluut,","25 Saran syrjällä syseä,"
1263173,1041128,0.58167493,"35 ""Se on 9 meren takana,","Oma maa se on omenan kukka,"
1348186,1119040,0.08458258,"Väsy, väsy, västäräkki!",Vaivu mualle valkijalle!
992996,788855,0.08703882,"Heimokset, heläjämähe!","kotka mulle siivet anto,"
